obra,entidad_canonica,frecuencia,score_promedio,bloques_distintos,densidad_narrativa
CELC_MVLL,Santiago Zavala,1154,0.9986,177,6.52
CELC_MVLL,Ambrosio Pardo,799,0.9993,198,4.04
CELC_MVLL,Cayo Bermúdez,664,0.959,149,4.46
CELC_MVLL,Amalia Landa,631,0.9928,96,6.57
CELC_MVLL,Queta,407,0.987,80,5.09
CELC_MVLL,Fermín Zavala,354,0.8453,104,3.4
CELC_MVLL,Ludovico,321,0.9992,71,4.52
CELC_MVLL,Carlitos,271,0.9982,72,3.76
CELC_MVLL,Chispas Zavala,234,0.9998,64,3.66
CELC_MVLL,Popeye Arévalo,213,0.9961,54,3.94
CELC_MVLL,Coronel Lozano,197,0.9902,46,4.28
CELC_MVLL,don,178,0.796,75,2.37
CELC_MVLL,Teté Zavala,176,0.9945,62,2.84
CELC_MVLL,Trifulcio,173,0.9971,35,4.94
CELC_MVLL,Aída,149,0.9996,37,4.03
CELC_MVLL,Becerrita,130,0.9999,27,4.81
CELC_MVLL,Ana,127,0.9983,26,4.88
CELC_MVLL,Hipólito,124,0.9992,47,2.64
CELC_MVLL,Espina,111,0.9988,40,2.78
CELC_MVLL,Jacobo,108,0.9998,29,3.72
CELC_MVLL,Hortensia,106,0.9779,51,2.08
CELC_MVLL,Landa,106,0.9885,32,3.31
CELC_MVLL,Odría,101,0.9887,55,1.84
CELC_MVLL,Presidente,100,0.983,45,2.22
CELC_MVLL,Paredes,93,0.9977,24,3.88
CELC_MVLL,Trinidad,91,0.997,28,3.25
CELC_MVLL,Washington,79,0.9991,17,4.65
CELC_MVLL,Carlota,77,0.9979,27,2.85
CELC_MVLL,Zoila,73,0.9045,37,1.97
CELC_MVLL,Ivonne,69,0.9666,28,2.46
CELC_MVLL,Molina,69,0.9996,17,4.06
CELC_MVLL,Periquito,66,0.9999,22,3.0
CELC_MVLL,Robertito,64,0.9997,20,3.2
CELC_MVLL,Gertrudis,57,0.9915,14,4.07
CELC_MVLL,Quetita,57,0.9985,22,2.59
CELC_MVLL,Alcibíades,52,0.9767,19,2.74
CELC_MVLL,Téllez,50,0.9997,18,2.78
CELC_MVLL,Símula,48,0.9997,22,2.18
CELC_MVLL,Héctor,47,0.9997,17,2.76
CELC_MVLL,Hilario,46,0.7879,14,3.29
CELC_MVLL,Norwin,46,0.9999,18,2.56
CELC_MVLL,Arispe,45,0.9998,16,2.81
CELC_MVLL,Solórzano,45,0.9999,19,2.37
CELC_MVLL,Teniente,41,0.9979,7,5.86
CELC_MVLL,Arbeláez,38,0.9563,14,2.71
CELC_MVLL,Llerena,38,0.9983,10,3.8
CELC_MVLL,Malvina,38,0.9993,9,4.22
CELC_MVLL,Serrano,38,0.9992,20,1.9
CELC_MVLL,Urondo,38,0.9999,14,2.71
CELC_MVLL,Musa,37,0.9853,20,1.85
CELC_MVLL,Martínez,36,0.9998,18,2.0
CELC_MVLL,Buitre,34,0.9988,7,4.86
CELC_MVLL,General,34,0.9161,20,1.7
CELC_MVLL,Emilio,32,0.8084,12,2.67
CELC_MVLL,tío Clodomiro,32,0.8312,9,3.56
CELC_MVLL,doña Lupe,30,0.8927,11,2.73
CELC_MVLL,Amalita Hortensia,29,0.9998,17,1.71
CELC_MVLL,Prefecto,28,0.9943,15,1.87
CELC_MVLL,Llaque,27,0.9999,11,2.45
CELC_MVLL,Clodomiro,26,0.8391,12,2.17
CELC_MVLL,Lama,26,0.8611,9,2.89
CELC_MVLL,Ministro,26,0.9382,15,1.73
CELC_MVLL,Rosa,26,0.9979,7,3.71
CELC_MVLL,Zavala,26,0.9993,19,1.37
CELC_MVLL,Ferro,25,0.971,10,2.5
CELC_MVLL,Rosario,25,0.803,12,2.08
CELC_MVLL,Batuque,23,0.9728,9,2.56
CELC_MVLL,Vallejo,23,0.998,9,2.56
CELC_MVLL,Cary,22,0.9997,9,2.44
CELC_MVLL,Emilio Arévalo,22,0.9885,12,1.83
CELC_MVLL,Lucía,22,0.9145,9,2.44
CELC_MVLL,Darío,21,0.9997,9,2.33
CELC_MVLL,Lucas,21,0.987,8,2.62
CELC_MVLL,don Hilario,21,0.8225,11,1.91
CELC_MVLL,Calancha,20,0.9942,4,5.0
CELC_MVLL,Paqueta,20,0.9998,7,2.86
CELC_MVLL,Ruperto,20,0.9999,5,4.0
CELC_MVLL,Melquíades,19,0.902,3,6.33
CELC_MVLL,Tomasa,19,0.9996,8,2.38
CELC_MVLL,Túmula,19,0.9859,6,3.17
CELC_MVLL,Don,18,0.923,17,1.06
CELC_MVLL,China,17,0.99,7,2.43
CELC_MVLL,Tallio,17,0.9994,8,2.12
CELC_MVLL,doctor,17,0.7307,8,2.12
CELC_MVLL,Chamorro,15,0.9897,4,3.75
CELC_MVLL,Madama,15,0.915,5,3.0
CELC_MVLL,Lora,14,0.8791,4,3.5
CELC_MVLL,Lupe,14,0.7703,6,2.33
CELC_MVLL,Montagne,14,0.9998,4,3.5
CELC_MVLL,Pantaleón,14,0.9996,6,2.33
CELC_MVLL,Anita,13,0.9624,7,1.86
CELC_MVLL,Bustamante,13,0.9999,8,1.62
CELC_MVLL,Lucy,13,0.9978,6,2.17
CELC_MVLL,Mayor,13,0.9994,7,1.86
CELC_MVLL,Pancras,13,0.9999,5,2.6
CELC_MVLL,Saldívar,13,0.9975,4,3.25
CELC_MVLL,Heredia,12,0.9948,5,2.4
CELC_MVLL,Pereda,12,0.9995,2,6.0
CELC_MVLL,Rita,12,0.9941,1,12.0
CELC_MVLL,Ada Rosa,11,0.9938,4,2.75
CELC_MVLL,Gertrudis Lama,11,0.9999,7,1.57
CELC_MVLL,Remigio Saldívar,11,0.952,2,5.5
CELC_MVLL,Trinidad López,11,0.9998,9,1.22
CELC_MVLL,Cahuide,10,0.9601,7,1.43
CELC_MVLL,Embajador,10,0.9502,4,2.5
CELC_MVLL,Ferrito,10,0.9997,5,2.0
CELC_MVLL,Richard,10,0.9969,2,5.0
CELC_MVLL,Alvarado,9,0.9968,2,4.5
CELC_MVLL,Becerra,9,0.9992,6,1.5
CELC_MVLL,Leoncio Paniagua,9,0.9999,3,3.0
CELC_MVLL,Ludovico Pantoja,9,0.9999,6,1.5
CELC_MVLL,Politzer,9,0.9999,4,2.25
CELC_MVLL,Pedro Flores,8,0.9999,3,2.67
CELC_MVLL,Peralta,8,0.9993,2,4.0
CELC_MVLL,Tijero,8,0.9995,4,2.0
CELC_MVLL,señora Zoila,8,0.7879,6,1.33
CELC_MVLL,Atanasio,7,0.8922,3,2.33
CELC_MVLL,Inocencia,7,0.9892,4,1.75
CELC_MVLL,Martha,7,0.9755,4,1.75
CELC_MVLL,Ministro de Guerra,7,0.9927,5,1.4
CELC_MVLL,Zoilita,7,0.9998,4,1.75
CELC_MVLL,tío,7,0.7716,5,1.4
CELC_MVLL,Ave,6,0.999,4,1.5
CELC_MVLL,Camino,6,0.9987,2,3.0
CELC_MVLL,Don Hilario,6,0.8868,6,1.0
CELC_MVLL,Doña Lupe,6,0.9741,6,1.0
CELC_MVLL,Haya de la Torre,6,0.9469,5,1.2
CELC_MVLL,Hinostroza,6,0.9999,2,3.0
CELC_MVLL,Matías,6,0.9422,3,2.0
CELC_MVLL,Melequías,6,0.9998,2,3.0
CELC_MVLL,Ministro de Gobierno,6,0.9498,6,1.0
CELC_MVLL,Pereira,6,0.9998,2,3.0
CELC_MVLL,Pinto,6,0.9956,2,3.0
CELC_MVLL,Prado,6,0.9736,4,1.5
CELC_MVLL,señora Rosario,6,0.8771,3,2.0
CELC_MVLL,Ancón,5,0.9195,3,1.67
CELC_MVLL,Belaúnde,5,0.9999,3,1.67
CELC_MVLL,Castelano,5,0.9995,2,2.5
CELC_MVLL,Comandante,5,0.9937,4,1.25
CELC_MVLL,Huamán,5,0.9999,1,5.0
CELC_MVLL,Itipaya,5,0.998,1,5.0
CELC_MVLL,Milton,5,0.9999,5,1.0
CELC_MVLL,Ochoa,5,0.9998,2,2.5
CELC_MVLL,Pedrito Aguirre,5,0.9999,2,2.5
CELC_MVLL,Poncio,5,0.9847,1,5.0
CELC_MVLL,Santos Vivero,5,0.9996,3,1.67
CELC_MVLL,Subprefecto,5,0.9603,1,5.0
CELC_MVLL,Anduvia,4,0.9997,3,1.33
CELC_MVLL,Batuquito,4,1.0,3,1.33
CELC_MVLL,Carmincha,4,0.9997,4,1.0
CELC_MVLL,Carrillo,4,0.9997,4,1.0
CELC_MVLL,Chincha,4,0.8679,4,1.0
CELC_MVLL,Chino Molina,4,0.9999,4,1.0
CELC_MVLL,Dios,4,0.8645,1,4.0
CELC_MVLL,Director,4,0.9974,4,1.0
CELC_MVLL,Hernández,4,0.9999,4,1.0
CELC_MVLL,Idiáquez,4,0.9999,1,4.0
CELC_MVLL,Inspector,4,0.8599,1,4.0
CELC_MVLL,Mario Vargas Llosa,4,0.9982,3,1.33
CELC_MVLL,Mariátegui,4,0.9997,3,1.33
CELC_MVLL,María,4,0.9983,3,1.33
CELC_MVLL,Palacio,4,0.9806,4,1.0
CELC_MVLL,Rojas,4,0.9999,3,1.33
CELC_MVLL,Velarde,4,0.9995,3,1.33
CELC_MVLL,don Emilio Arévalo,4,0.9379,3,1.33
CELC_MVLL,doña Lucía,4,0.9042,3,1.33
CELC_MVLL,señora Hortensia,4,0.9083,4,1.0
CELC_MVLL,Anatolia,3,0.9987,1,3.0
CELC_MVLL,Celeste,3,0.9992,2,1.5
CELC_MVLL,Cigüeña,3,0.9998,2,1.5
CELC_MVLL,Eliana,3,0.9535,2,1.5
CELC_MVLL,General Odría,3,0.9872,3,1.0
CELC_MVLL,Hilario Morales,3,0.9999,3,1.0
CELC_MVLL,Huxley,3,0.9997,3,1.0
CELC_MVLL,Jesús María,3,0.9909,3,1.0
CELC_MVLL,Lavalle,3,0.9999,2,1.5
CELC_MVLL,Maclovia,3,0.9979,3,1.0
CELC_MVLL,Marx,3,0.9999,3,1.0
CELC_MVLL,Mendizábal,3,1.0,2,1.5
CELC_MVLL,Ministros,3,0.7668,3,1.0
CELC_MVLL,Panta,3,0.9995,2,1.5
CELC_MVLL,Pepe Yáñez,3,0.9999,1,3.0
CELC_MVLL,Perpetuo,3,0.9043,3,1.0
CELC_MVLL,Polla,3,0.997,3,1.0
CELC_MVLL,San Marcos,3,0.9747,2,1.5
CELC_MVLL,Víctor Raúl,3,0.9639,3,1.0
CELC_MVLL,don Atanasio,3,0.873,3,1.0
CELC_MVLL,doña Catalina,3,0.8822,3,1.0
CELC_MVLL,señora,3,0.5451,3,1.0
CELC_MVLL,Alandro Pozo,2,0.8772,2,1.0
CELC_MVLL,Alberto,2,0.9451,1,2.0
CELC_MVLL,Amalias,2,0.9543,2,1.0
CELC_MVLL,Apra,2,0.8229,2,1.0
CELC_MVLL,Azángaro,2,0.9997,2,1.0
CELC_MVLL,Benavides,2,0.9996,2,1.0
CELC_MVLL,Cabrejitos,2,0.9999,2,1.0
CELC_MVLL,Canciller,2,0.9973,2,1.0
CELC_MVLL,Chota,2,0.9591,2,1.0
CELC_MVLL,Coco,2,0.9999,1,2.0
CELC_MVLL,Comandante en Jefe,2,0.9926,1,2.0
CELC_MVLL,Cristina,2,0.9979,2,1.0
CELC_MVLL,Doña Catalina,2,0.9956,2,1.0
CELC_MVLL,Engels,2,0.9999,2,1.0
CELC_MVLL,Espinoza,2,0.9999,1,2.0
CELC_MVLL,Faucett,2,0.7659,2,1.0
CELC_MVLL,Franco,2,0.9941,1,2.0
CELC_MVLL,Jesús,2,0.691,2,1.0
CELC_MVLL,Lanusa,2,0.9658,1,2.0
CELC_MVLL,Lechín,2,0.9999,1,2.0
CELC_MVLL,López,2,0.9799,1,2.0
CELC_MVLL,López Landa,2,0.9999,1,2.0
CELC_MVLL,María Antonieta Pons,2,0.7392,1,2.0
CELC_MVLL,Mayor Paredes,2,0.9998,2,1.0
CELC_MVLL,Mendieta,2,0.9992,1,2.0
CELC_MVLL,Ministro de Fomento,2,0.9973,1,2.0
CELC_MVLL,Miraflores,2,0.9999,2,1.0
CELC_MVLL,Obando,2,0.9999,1,2.0
CELC_MVLL,Olave,2,0.9937,2,1.0
CELC_MVLL,Padre,2,0.7413,2,1.0
CELC_MVLL,Pantoja,2,0.9999,2,1.0
CELC_MVLL,Pulga Heredia,2,0.9955,1,2.0
CELC_MVLL,Quijano,2,0.9999,2,1.0
CELC_MVLL,Quispe,2,0.9999,1,2.0
CELC_MVLL,Remigio,2,0.9955,1,2.0
CELC_MVLL,Saravia,2,0.9996,1,2.0
CELC_MVLL,Saturnina,2,0.999,2,1.0
CELC_MVLL,Serrano Espina,2,0.9998,2,1.0
CELC_MVLL,Solano,2,0.9999,1,2.0
CELC_MVLL,Soldevilla,2,0.9999,1,2.0
CELC_MVLL,Trujillo,2,0.9999,2,1.0
CELC_MVLL,Urioste,2,0.9701,1,2.0
CELC_MVLL,Urquiza,2,0.9999,1,2.0
CELC_MVLL,doctor Alcibíades,2,0.7577,2,1.0
CELC_MVLL,doctor Arbeláez,2,0.8286,2,1.0
CELC_MVLL,don Emilio,2,0.7526,2,1.0
CELC_MVLL,don Melquíades,2,0.774,1,2.0
CELC_MVLL,familia Bermúdez,2,0.9768,2,1.0
CELC_MVLL,general,2,0.9241,2,1.0
CELC_MVLL,señor,2,0.9088,2,1.0
CELC_MVLL,señorita Queta,2,0.7411,2,1.0
CELC_MVLL,Abelardo Oquendo,1,0.9999,1,1.0
CELC_MVLL,Adalmiro Peralta,1,0.9999,1,1.0
CELC_MVLL,Aida,1,0.9993,1,1.0
CELC_MVLL,Alandro,1,0.4648,1,1.0
CELC_MVLL,Alcalde,1,0.992,1,1.0
CELC_MVLL,Alférez,1,0.9967,1,1.0
CELC_MVLL,Aló,1,0.9983,1,1.0
CELC_MVLL,Amalia Cerda,1,0.9999,1,1.0
CELC_MVLL,Amalia Hortensia,1,0.9998,1,1.0
CELC_MVLL,Antonio Quispe Bulnes,1,0.9998,1,1.0
CELC_MVLL,Arbeláéz,1,1.0,1,1.0
CELC_MVLL,Ardilla,1,0.9993,1,1.0
CELC_MVLL,Argüelles,1,1.0,1,1.0
CELC_MVLL,Azpilcueta,1,0.9992,1,1.0
CELC_MVLL,Azpilicueta,1,0.9964,1,1.0
CELC_MVLL,BALZAC,1,0.9996,1,1.0
CELC_MVLL,Bacacorzo,1,1.0,1,1.0
CELC_MVLL,Bacocorzo,1,1.0,1,1.0
CELC_MVLL,Bermúdez de la Prefectura,1,0.9838,1,1.0
CELC_MVLL,Binbanbún,1,0.8527,1,1.0
CELC_MVLL,Bolívar,1,0.9999,1,1.0
CELC_MVLL,Bravo,1,0.9999,1,1.0
CELC_MVLL,Cajamarca,1,0.9278,1,1.0
CELC_MVLL,Calló,1,0.9999,1,1.0
CELC_MVLL,Carlomagno,1,0.9999,1,1.0
CELC_MVLL,Carlota Corday,1,0.9975,1,1.0
CELC_MVLL,Carreño,1,0.9999,1,1.0
CELC_MVLL,Caruso,1,0.9989,1,1.0
CELC_MVLL,Católica,1,0.8509,1,1.0
CELC_MVLL,Chaclacayo,1,0.9999,1,1.0
CELC_MVLL,Chala,1,0.9822,1,1.0
CELC_MVLL,Chiclayo,1,0.9999,1,1.0
CELC_MVLL,Chino,1,0.999,1,1.0
CELC_MVLL,Coco Becerra,1,0.9898,1,1.0
CELC_MVLL,Columba Domínguez,1,0.9999,1,1.0
CELC_MVLL,Convéncete,1,0.6863,1,1.0
CELC_MVLL,Cronwell,1,0.9999,1,1.0
CELC_MVLL,Cuzco,1,0.9995,1,1.0
CELC_MVLL,Céspedes,1,0.9999,1,1.0
CELC_MVLL,D'Onofrio,1,0.7975,1,1.0
CELC_MVLL,Danton,1,0.9999,1,1.0
CELC_MVLL,De la Plaza,1,0.9998,1,1.0
CELC_MVLL,Delfín,1,0.9898,1,1.0
CELC_MVLL,Diderot,1,0.9999,1,1.0
CELC_MVLL,Director de Aduana,1,0.9985,1,1.0
CELC_MVLL,Director de Gobierno,1,0.6762,1,1.0
CELC_MVLL,Director de Turismo,1,0.9998,1,1.0
CELC_MVLL,Don Bruno Bauer,1,0.9982,1,1.0
CELC_MVLL,Don Emilio,1,0.9825,1,1.0
CELC_MVLL,Doña Lucía,1,0.9974,1,1.0
CELC_MVLL,Embajador del Brasil,1,0.6696,1,1.0
CELC_MVLL,Espina Aló,1,0.9997,1,1.0
CELC_MVLL,Felipe Pinglo,1,0.9999,1,1.0
CELC_MVLL,Flaco,1,0.9213,1,1.0
CELC_MVLL,Flora,1,0.9998,1,1.0
CELC_MVLL,Freud,1,0.9997,1,1.0
CELC_MVLL,Gardel,1,0.9999,1,1.0
CELC_MVLL,General Manuel Obando Coloma,1,0.9998,1,1.0
CELC_MVLL,Georges Politzer,1,0.9999,1,1.0
CELC_MVLL,Gonzáles Prada,1,0.9999,1,1.0
CELC_MVLL,Gumucio,1,0.9985,1,1.0
CELC_MVLL,Hegel,1,0.9999,1,1.0
CELC_MVLL,Henri Barbusse,1,0.9984,1,1.0
CELC_MVLL,Hernando de Magalhaes,1,0.9987,1,1.0
CELC_MVLL,Husserl,1,0.9999,1,1.0
CELC_MVLL,Iglesias,1,0.9999,1,1.0
CELC_MVLL,Inspector Molina,1,0.9289,1,1.0
CELC_MVLL,Inspector Peralta,1,0.9967,1,1.0
CELC_MVLL,Jacobo de la Fracción,1,0.9999,1,1.0
CELC_MVLL,Jefe de Estado Mayor,1,0.9721,1,1.0
CELC_MVLL,Jesús Vásquez,1,0.9999,1,1.0
CELC_MVLL,José Carlos Mariátegui,1,0.9999,1,1.0
CELC_MVLL,José Pardo,1,0.9961,1,1.0
CELC_MVLL,Julián,1,0.9995,1,1.0
CELC_MVLL,Kafka,1,0.9998,1,1.0
CELC_MVLL,La China,1,0.9867,1,1.0
CELC_MVLL,Lalo,1,0.9999,1,1.0
CELC_MVLL,Lanza,1,0.9999,1,1.0
CELC_MVLL,Lautaro,1,0.9979,1,1.0
CELC_MVLL,Lenin,1,0.9996,1,1.0
CELC_MVLL,Leo Marini,1,0.9998,1,1.0
CELC_MVLL,Libertad Lamarque,1,0.9998,1,1.0
CELC_MVLL,Limoncillo,1,0.9919,1,1.0
CELC_MVLL,Luis Loayza,1,0.9998,1,1.0
CELC_MVLL,Lula,1,0.9997,1,1.0
CELC_MVLL,Lurín,1,0.993,1,1.0
CELC_MVLL,Maiakovsky,1,0.9999,1,1.0
CELC_MVLL,Maldonado,1,0.9999,1,1.0
CELC_MVLL,Manuel A. Odría,1,0.9998,1,1.0
CELC_MVLL,Manuel Prado,1,0.9999,1,1.0
CELC_MVLL,Margot,1,0.99,1,1.0
CELC_MVLL,Mariposa Nocturna,1,0.7617,1,1.0
CELC_MVLL,Marlon Brando,1,0.9996,1,1.0
CELC_MVLL,María Félix,1,0.9999,1,1.0
CELC_MVLL,Mascaró,1,0.9999,1,1.0
CELC_MVLL,Mascota,1,0.9967,1,1.0
CELC_MVLL,Matías piensa,1,0.6961,1,1.0
CELC_MVLL,Mauro Cruz,1,0.9862,1,1.0
CELC_MVLL,Mayor de Policía,1,0.9474,1,1.0
CELC_MVLL,Melchorita,1,0.9996,1,1.0
CELC_MVLL,Ministro Bermúdez,1,0.9998,1,1.0
CELC_MVLL,Ministro de Agricultura,1,0.9904,1,1.0
CELC_MVLL,Ministro de Bustamante,1,0.7294,1,1.0
CELC_MVLL,Ministro de Hacienda,1,0.9694,1,1.0
CELC_MVLL,Ministro de Trabajo,1,0.9982,1,1.0
CELC_MVLL,Mongol,1,0.9949,1,1.0
CELC_MVLL,Morales,1,0.6087,1,1.0
CELC_MVLL,Muelle,1,0.9999,1,1.0
CELC_MVLL,Musa Mierda,1,0.9998,1,1.0
CELC_MVLL,Médico,1,0.9603,1,1.0
CELC_MVLL,Nazim Himet,1,0.9995,1,1.0
CELC_MVLL,Núñez,1,0.9998,1,1.0
CELC_MVLL,Odría de Presidente,1,0.9999,1,1.0
CELC_MVLL,Orgambide,1,0.9999,1,1.0
CELC_MVLL,Ostrovski,1,0.9999,1,1.0
CELC_MVLL,Parra,1,0.9996,1,1.0
CELC_MVLL,Pedro,1,0.9578,1,1.0
CELC_MVLL,Pedro Armendáriz,1,0.9999,1,1.0
CELC_MVLL,Pedro Solano,1,0.9794,1,1.0
CELC_MVLL,Pera,1,0.7363,1,1.0
CELC_MVLL,Peta,1,0.9995,1,1.0
CELC_MVLL,Pichón,1,0.9999,1,1.0
CELC_MVLL,Pollo,1,0.9995,1,1.0
CELC_MVLL,Presidente del Comité de Recepción,1,0.9754,1,1.0
CELC_MVLL,Pucallpa,1,0.5039,1,1.0
CELC_MVLL,Quiñoncito,1,1.0,1,1.0
CELC_MVLL,Rascachucha,1,0.9998,1,1.0
CELC_MVLL,Ravines,1,0.9999,1,1.0
CELC_MVLL,Reina,1,0.9993,1,1.0
CELC_MVLL,Rififí,1,0.9997,1,1.0
CELC_MVLL,Rosita,1,0.9995,1,1.0
CELC_MVLL,Rueda,1,0.8824,1,1.0
CELC_MVLL,Río Grande,1,0.9967,1,1.0
CELC_MVLL,Ríos,1,0.999,1,1.0
CELC_MVLL,San Miguel,1,0.9931,1,1.0
CELC_MVLL,Santa Cruz,1,0.5342,1,1.0
CELC_MVLL,Santo Tomás,1,0.9754,1,1.0
CELC_MVLL,Secretario General del Partido Restaurador,1,0.9861,1,1.0
CELC_MVLL,Serrano.,1,0.9992,1,1.0
CELC_MVLL,Señor,1,0.9997,1,1.0
CELC_MVLL,Sherlok Holmes,1,0.9988,1,1.0
CELC_MVLL,Suárez,1,0.9999,1,1.0
CELC_MVLL,Sánchez Cerro,1,0.9995,1,1.0
CELC_MVLL,Tabarín,1,0.9999,1,1.0
CELC_MVLL,Tarzán Chispas,1,0.9997,1,1.0
CELC_MVLL,Terreros,1,0.9999,1,1.0
CELC_MVLL,Tibio,1,0.9853,1,1.0
CELC_MVLL,Tony,1,0.9999,1,1.0
CELC_MVLL,Toro,1,0.9973,1,1.0
CELC_MVLL,Toño,1,0.9999,1,1.0
CELC_MVLL,Trastabillea,1,1.0,1,1.0
CELC_MVLL,Vallarino,1,0.9747,1,1.0
CELC_MVLL,Vallerriestra,1,0.9999,1,1.0
CELC_MVLL,Valtin,1,0.9998,1,1.0
CELC_MVLL,Vicente García,1,0.9998,1,1.0
CELC_MVLL,Virrey,1,0.9988,1,1.0
CELC_MVLL,Vitarte,1,0.9997,1,1.0
CELC_MVLL,Vittorio de Sica,1,0.9941,1,1.0
CELC_MVLL,Víctor Raúl Haya de la Torre,1,0.9997,1,1.0
CELC_MVLL,Wilson,1,0.997,1,1.0
CELC_MVLL,Yanqui,1,0.9999,1,1.0
CELC_MVLL,Zegarra,1,0.9984,1,1.0
CELC_MVLL,de la Farándula,1,0.7489,1,1.0
CELC_MVLL,de la Junta,1,0.6552,1,1.0
CELC_MVLL,doctor Ferro,1,0.9657,1,1.0
CELC_MVLL,don Calixto,1,0.8594,1,1.0
CELC_MVLL,don Hilario Morales,1,0.9777,1,1.0
CELC_MVLL,don Rómulo,1,0.5579,1,1.0
CELC_MVLL,doña,1,0.5537,1,1.0
CELC_MVLL,doña Carmen,1,0.7784,1,1.0
CELC_MVLL,doña Símula,1,0.915,1,1.0
CELC_MVLL,la Flor,1,0.7503,1,1.0
CELC_MVLL,señora Lucía,1,0.8921,1,1.0
CELC_MVLL,señora Lupe,1,0.9983,1,1.0
CRDLI_IGDLV,Inca,642,0.94,204,3.15
CRDLI_IGDLV,Rey,235,0.9728,144,1.63
CRDLI_IGDLV,Reyes,189,0.9695,121,1.56
CRDLI_IGDLV,Sol,132,0.8293,68,1.94
CRDLI_IGDLV,Incas,107,0.76,71,1.51
CRDLI_IGDLV,Huayna Cápac,88,0.9943,44,2.0
CRDLI_IGDLV,Atahuallpa,74,0.9879,34,2.18
CRDLI_IGDLV,Reyes Incas,66,0.9337,56,1.18
CRDLI_IGDLV,Inca Viracocha,61,0.9892,24,2.54
CRDLI_IGDLV,Príncipe,51,0.9789,35,1.46
CRDLI_IGDLV,Padre Blas Valera,44,0.9998,32,1.38
CRDLI_IGDLV,Inca Manco Cápac,31,0.9779,27,1.15
CRDLI_IGDLV,Viracocha,27,0.9495,12,2.25
CRDLI_IGDLV,Huáscar Inca,24,0.9994,17,1.41
CRDLI_IGDLV,Inca Pachacútec,23,0.9428,15,1.53
CRDLI_IGDLV,Pedro de Cieza,23,0.9984,19,1.21
CRDLI_IGDLV,Túpac Inca Yupanqui,23,0.9989,16,1.44
CRDLI_IGDLV,Manco Cápac,22,0.9714,16,1.38
CRDLI_IGDLV,Huáscar,21,0.9935,14,1.5
CRDLI_IGDLV,Inca Cápac Yupanqui,20,0.9611,12,1.67
CRDLI_IGDLV,Inca Yupanqui,19,0.9706,14,1.36
CRDLI_IGDLV,Chimu,17,0.9994,4,4.25
CRDLI_IGDLV,Cápac Yupanqui,17,0.9992,12,1.42
CRDLI_IGDLV,Padre Maestro Acosta,17,0.9982,16,1.06
CRDLI_IGDLV,Pachacámac,16,0.9071,11,1.45
CRDLI_IGDLV,Pedro de Cieza de León,16,0.9998,16,1.0
CRDLI_IGDLV,Hancohuallu,15,0.9998,6,2.5
CRDLI_IGDLV,Dios,14,0.7068,12,1.17
CRDLI_IGDLV,Reina,14,0.9929,7,2.0
CRDLI_IGDLV,Rey Inca Roca,14,0.9998,10,1.4
CRDLI_IGDLV,Garcilaso de la Vega,13,0.9996,13,1.0
CRDLI_IGDLV,Agustín de Zárate,12,0.9998,9,1.33
CRDLI_IGDLV,Francisco López de Gómara,12,0.9992,11,1.09
CRDLI_IGDLV,Padre Acosta,12,0.9987,11,1.09
CRDLI_IGDLV,Gonzalo Pizarro,11,0.9991,10,1.1
CRDLI_IGDLV,Inca Roca,11,0.9997,9,1.22
CRDLI_IGDLV,Su Paternidad,11,0.8248,9,1.22
CRDLI_IGDLV,Viracocha Inca,11,0.9756,10,1.1
CRDLI_IGDLV,Inca Yáhuar Huácac,10,0.9632,8,1.25
CRDLI_IGDLV,Pedro Serrano,10,0.9999,4,2.5
CRDLI_IGDLV,Pedro de Valdivia,10,0.9999,5,2.0
CRDLI_IGDLV,Collas,9,0.9164,6,1.5
CRDLI_IGDLV,Guáscar,9,0.9999,2,4.5
CRDLI_IGDLV,Inca Huayna Cápac,9,0.9628,9,1.0
CRDLI_IGDLV,Nuestro Padre el Sol,9,0.9444,3,3.0
CRDLI_IGDLV,Pachacútec,9,0.9659,6,1.5
CRDLI_IGDLV,Su Majestad,9,0.8128,8,1.12
CRDLI_IGDLV,Cuismancu,8,0.9996,5,1.6
CRDLI_IGDLV,Don Francisco Pizarro,8,0.9994,6,1.33
CRDLI_IGDLV,Francisco Hernández Girón,8,0.9924,8,1.0
CRDLI_IGDLV,Palla,8,0.9911,3,2.67
CRDLI_IGDLV,Pallas,8,0.8682,7,1.14
CRDLI_IGDLV,Rey Inca Yupanqui,8,0.9997,7,1.14
CRDLI_IGDLV,Yáhuar Huácac,8,0.9998,6,1.33
CRDLI_IGDLV,Inca  Viracocha,7,0.9942,7,1.0
CRDLI_IGDLV,Juan Álvarez Maldonado,7,0.9999,3,2.33
CRDLI_IGDLV,Paullu,7,0.9904,5,1.4
CRDLI_IGDLV,Príncipes,7,0.9668,7,1.0
CRDLI_IGDLV,Atabálipa,6,0.9998,3,2.0
CRDLI_IGDLV,Chancas,6,0.8378,6,1.0
CRDLI_IGDLV,Coya,6,0.9635,5,1.2
CRDLI_IGDLV,Don Diego de Almagro,6,0.9999,4,1.5
CRDLI_IGDLV,Emperador,6,0.8204,5,1.2
CRDLI_IGDLV,Gobernador,6,0.9037,3,2.0
CRDLI_IGDLV,Guainacaba,6,0.999,4,1.5
CRDLI_IGDLV,Gómara,6,0.9198,5,1.2
CRDLI_IGDLV,Inca Lloque Yupanqui,6,0.9842,4,1.5
CRDLI_IGDLV,Padre  Blas Valera,6,0.9998,6,1.0
CRDLI_IGDLV,Rey Atahuallpa,6,0.9998,5,1.2
CRDLI_IGDLV,Rey Cuismancu,6,0.9998,3,2.0
CRDLI_IGDLV,Tumpalla,6,0.9998,2,3.0
CRDLI_IGDLV,Cari,5,0.99,3,1.67
CRDLI_IGDLV,Chuquimancu,5,0.9997,3,1.67
CRDLI_IGDLV,Cápac,5,0.9312,4,1.25
CRDLI_IGDLV,Inca  Yupanqui,5,0.9834,5,1.0
CRDLI_IGDLV,Lautaru,5,0.9999,2,2.5
CRDLI_IGDLV,Lloque Yupanqui,5,0.998,4,1.25
CRDLI_IGDLV,Manco Inca,5,0.9892,5,1.0
CRDLI_IGDLV,Mayta Cápac,5,0.9929,3,1.67
CRDLI_IGDLV,Padre Joseph de Acosta,5,0.9887,5,1.0
CRDLI_IGDLV,Reyes  Incas,5,0.9122,5,1.0
CRDLI_IGDLV,Sinchi Roca,5,0.988,4,1.25
CRDLI_IGDLV,Sumo Sacerdote,5,0.9857,4,1.25
CRDLI_IGDLV,Valdivia,5,0.9999,4,1.25
CRDLI_IGDLV,Auqui Titu,4,0.9997,3,1.33
CRDLI_IGDLV,Chincha,4,0.9642,3,1.33
CRDLI_IGDLV,Colón,4,0.9957,1,4.0
CRDLI_IGDLV,Don Melchior Carlos Inca,4,0.9999,3,1.33
CRDLI_IGDLV,Emperadores,4,0.8928,4,1.0
CRDLI_IGDLV,Gaspar de Sotelo,4,0.9999,3,1.33
CRDLI_IGDLV,Gómez de Tordoya,4,0.9999,2,2.0
CRDLI_IGDLV,Hernando Pizarro,4,0.9999,4,1.0
CRDLI_IGDLV,Huamachucu,4,0.9995,2,2.0
CRDLI_IGDLV,Huayna  Cápac,4,0.9797,3,1.33
CRDLI_IGDLV,Inca  Cápac Yupanqui,4,0.9981,4,1.0
CRDLI_IGDLV,Inca Sinchi Roca,4,0.9997,2,2.0
CRDLI_IGDLV,Juan Rodríguez de Villalobos,4,0.9999,3,1.33
CRDLI_IGDLV,Mama Ocllo,4,0.9993,4,1.0
CRDLI_IGDLV,Padre  Maestro Acosta,4,0.976,4,1.0
CRDLI_IGDLV,Padre Maestro,4,0.961,3,1.33
CRDLI_IGDLV,Pedro  Serrano,4,0.9999,2,2.0
CRDLI_IGDLV,Rímac,4,0.8239,4,1.0
CRDLI_IGDLV,Túpac Inca  Yupanqui,4,0.9994,4,1.0
CRDLI_IGDLV,Visorrey,4,0.9997,3,1.33
CRDLI_IGDLV,Augustos,3,0.9219,3,1.0
CRDLI_IGDLV,Bacab,3,0.9915,2,1.5
CRDLI_IGDLV,Bartolomé de Terrazas,3,0.9973,3,1.0
CRDLI_IGDLV,Cañaris,3,0.7612,1,3.0
CRDLI_IGDLV,Chachapuyas,3,0.9858,3,1.0
CRDLI_IGDLV,Chipana,3,0.9975,3,1.0
CRDLI_IGDLV,Coya Mama Ocllo Huaco,3,0.9778,3,1.0
CRDLI_IGDLV,Cristo Nuestro Señor,3,0.7901,3,1.0
CRDLI_IGDLV,Cristóbal Colón,3,0.9999,2,1.5
CRDLI_IGDLV,Diego Alemán,3,0.9999,2,1.5
CRDLI_IGDLV,Diego Maldonado,3,0.9998,2,1.5
CRDLI_IGDLV,Dios el Sol,3,0.8795,3,1.0
CRDLI_IGDLV,Don Francisco de Toledo,3,0.9999,3,1.0
CRDLI_IGDLV,Francisco Moreno,3,0.9999,1,3.0
CRDLI_IGDLV,Guáscar Inga,3,0.9997,2,1.5
CRDLI_IGDLV,Inca  Huayna Cápac,3,0.9933,3,1.0
CRDLI_IGDLV,Inca  Manco Cápac,3,0.9909,3,1.0
CRDLI_IGDLV,Inca Mayta Cápac,3,0.9957,3,1.0
CRDLI_IGDLV,Incas Reyes,3,0.779,3,1.0
CRDLI_IGDLV,Juan de Pancorvo,3,0.9999,2,1.5
CRDLI_IGDLV,Marqués,3,0.9999,1,3.0
CRDLI_IGDLV,Marqués Don Francisco Pizarro,3,0.9999,3,1.0
CRDLI_IGDLV,Musus,3,0.7435,2,1.5
CRDLI_IGDLV,Ocllo,3,0.9955,2,1.5
CRDLI_IGDLV,Orellana,3,0.9997,2,1.5
CRDLI_IGDLV,P. Acosta,3,0.9988,3,1.0
CRDLI_IGDLV,Pachacútec Inca,3,0.9993,3,1.0
CRDLI_IGDLV,Padre Blas  Valera,3,0.9997,3,1.0
CRDLI_IGDLV,Pantoja,3,0.9998,2,1.5
CRDLI_IGDLV,Pedro de Cieza de  León,3,0.9999,3,1.0
CRDLI_IGDLV,Pedro del Barco,3,0.9999,3,1.0
CRDLI_IGDLV,Presidente Gasca,3,0.9999,3,1.0
CRDLI_IGDLV,Rey  Inca Yupanqui,3,0.9978,3,1.0
CRDLI_IGDLV,Rey Chuquimancu,3,0.9985,2,1.5
CRDLI_IGDLV,Rey Túpac Inca Yupanqui,3,0.9996,3,1.0
CRDLI_IGDLV,Rey de Quitu,3,0.9985,2,1.5
CRDLI_IGDLV,Reyes Católicos,3,0.9985,3,1.0
CRDLI_IGDLV,Su  Majestad,3,0.861,3,1.0
CRDLI_IGDLV,Sumo  Sacerdote,3,0.995,3,1.0
CRDLI_IGDLV,Abraham,2,0.9571,1,2.0
CRDLI_IGDLV,Alonso Sánchez,2,0.9988,1,2.0
CRDLI_IGDLV,Alonso Sánchez de Huelva,2,0.9999,1,2.0
CRDLI_IGDLV,Alonso de Mesa,2,0.9999,2,1.0
CRDLI_IGDLV,Antonio Altamirano,2,0.9999,2,1.0
CRDLI_IGDLV,Apu Mayta,2,0.999,2,1.0
CRDLI_IGDLV,Atabáliba,2,0.9982,2,1.0
CRDLI_IGDLV,Auqui,2,0.7347,2,1.0
CRDLI_IGDLV,Ayauiri,2,0.787,1,2.0
CRDLI_IGDLV,Blasco Núñez Vela,2,0.9998,2,1.0
CRDLI_IGDLV,Caranques,2,0.8196,2,1.0
CRDLI_IGDLV,Cassamarca,2,0.9097,1,2.0
CRDLI_IGDLV,Challcuchima,2,0.9998,2,1.0
CRDLI_IGDLV,Colla,2,0.9994,1,2.0
CRDLI_IGDLV,Coyas,2,0.848,2,1.0
CRDLI_IGDLV,Cozco,2,0.944,2,1.0
CRDLI_IGDLV,Diego Fernández,2,0.9999,2,1.0
CRDLI_IGDLV,Diego Ortiz de Guzmán,2,0.9999,2,1.0
CRDLI_IGDLV,Diego de Alcobaza,2,0.9999,2,1.0
CRDLI_IGDLV,Dios Nuestro Señor,2,0.7862,2,1.0
CRDLI_IGDLV,Don  Francisco,2,0.981,2,1.0
CRDLI_IGDLV,Don Antonio de Ribera,2,0.9999,2,1.0
CRDLI_IGDLV,Don Francisco,2,0.9174,2,1.0
CRDLI_IGDLV,Don Pedro de Alvarado,2,0.9999,2,1.0
CRDLI_IGDLV,Estruac,2,0.9169,2,1.0
CRDLI_IGDLV,Francisco  Hernández Girón,2,0.9998,2,1.0
CRDLI_IGDLV,Francisco de  Villafuerte,2,0.9999,2,1.0
CRDLI_IGDLV,Garci Sánchez de Figueroa,2,0.9999,2,1.0
CRDLI_IGDLV,García de Melo,2,0.9999,2,1.0
CRDLI_IGDLV,Guainacapa,2,0.9995,1,2.0
CRDLI_IGDLV,Guasca,2,0.7479,2,1.0
CRDLI_IGDLV,Guayna Cápac,2,0.9997,2,1.0
CRDLI_IGDLV,Hernando de Soto,2,0.9999,2,1.0
CRDLI_IGDLV,Hernán Bravo de Laguna,2,0.9999,2,1.0
CRDLI_IGDLV,Hércules,2,0.9416,2,1.0
CRDLI_IGDLV,Icona,2,0.9435,1,2.0
CRDLI_IGDLV,Inca Atahuallpa,2,0.9989,2,1.0
CRDLI_IGDLV,Inca General,2,0.9794,2,1.0
CRDLI_IGDLV,Inca Huayna  Cápac,2,0.9892,2,1.0
CRDLI_IGDLV,Inca Manco  Cápac,2,0.999,2,1.0
CRDLI_IGDLV,Inca Páhuac Mayta,2,0.9998,1,2.0
CRDLI_IGDLV,Inca Túpac  Amaru,2,0.9871,2,1.0
CRDLI_IGDLV,Inga,2,0.903,2,1.0
CRDLI_IGDLV,Ingas,2,0.9953,2,1.0
CRDLI_IGDLV,Jesús,2,0.913,1,2.0
CRDLI_IGDLV,Juan Balsa,2,0.9999,2,1.0
CRDLI_IGDLV,Julio César,2,0.9998,2,1.0
CRDLI_IGDLV,Licurgo,2,0.9995,2,1.0
CRDLI_IGDLV,Mama  Ocllo,2,0.97,2,1.0
CRDLI_IGDLV,Mama Cora,2,0.9995,2,1.0
CRDLI_IGDLV,Mamacuna,2,0.9047,2,1.0
CRDLI_IGDLV,Manco  Cápac,2,0.9986,1,2.0
CRDLI_IGDLV,Manco Cápac Inca,2,0.9998,2,1.0
CRDLI_IGDLV,Marqués de Cañete,2,0.9998,2,1.0
CRDLI_IGDLV,Noé,2,0.9911,1,2.0
CRDLI_IGDLV,Nuestro Señor,2,0.7158,2,1.0
CRDLI_IGDLV,Obispo,2,0.7556,2,1.0
CRDLI_IGDLV,Pachacuti Inga Yupanqui,2,0.9996,2,1.0
CRDLI_IGDLV,Padre  Acosta,2,0.9947,2,1.0
CRDLI_IGDLV,Padre  Maestro Blas Valera,2,0.9995,2,1.0
CRDLI_IGDLV,Padre Fray Jerónimo Román,2,0.9997,2,1.0
CRDLI_IGDLV,Padre Maestro Blas Valera,2,0.9998,2,1.0
CRDLI_IGDLV,Padre el Sol,2,0.837,2,1.0
CRDLI_IGDLV,Pedro  de Cieza,2,0.9523,2,1.0
CRDLI_IGDLV,Pedro Arias de Ávila,2,0.9999,2,1.0
CRDLI_IGDLV,Pedro López de Cazalla,2,0.9999,1,2.0
CRDLI_IGDLV,Pedro del  Barco,2,0.9999,2,1.0
CRDLI_IGDLV,Pinahua,2,0.999,1,2.0
CRDLI_IGDLV,Pincu,2,0.782,2,1.0
CRDLI_IGDLV,Pizarro,2,0.9992,2,1.0
CRDLI_IGDLV,Quízquiz,2,0.9993,2,1.0
CRDLI_IGDLV,Reina Mama Ocllo Huaco,2,0.9995,2,1.0
CRDLI_IGDLV,Rey Chimu,2,0.9988,2,1.0
CRDLI_IGDLV,Rey Huayna Cápac,2,0.9999,2,1.0
CRDLI_IGDLV,Rey Huáscar,2,0.9997,2,1.0
CRDLI_IGDLV,Rey Huáscar Inca,2,0.9999,1,2.0
CRDLI_IGDLV,Rey Manco Cápac,2,0.9998,2,1.0
CRDLI_IGDLV,Rey de España,2,0.9997,1,2.0
CRDLI_IGDLV,Roca,2,0.9949,1,2.0
CRDLI_IGDLV,Rodrigo de Esquivel,2,0.9999,2,1.0
CRDLI_IGDLV,San Bartolomé,2,0.9991,1,2.0
CRDLI_IGDLV,Serrano,2,0.9996,1,2.0
CRDLI_IGDLV,Señor,2,0.6288,2,1.0
CRDLI_IGDLV,Titu,2,0.9997,1,2.0
CRDLI_IGDLV,Tomás Vázquez,2,0.9999,1,2.0
CRDLI_IGDLV,Topa Inga,2,0.9998,1,2.0
CRDLI_IGDLV,Topa Inga Yupangue,2,0.9998,2,1.0
CRDLI_IGDLV,Tócay,2,0.9993,1,2.0
CRDLI_IGDLV,Túpac,2,0.9575,2,1.0
CRDLI_IGDLV,Túpac  Inca Yupanqui,2,0.9974,2,1.0
CRDLI_IGDLV,Túpac Yupanqui,2,0.9996,2,1.0
CRDLI_IGDLV,Villacastín,2,1.0,1,2.0
CRDLI_IGDLV,Yupanqui,2,0.7802,2,1.0
CRDLI_IGDLV,Zapa Inca,2,0.9314,2,1.0
CRDLI_IGDLV,don Alonso de Alvarado,2,0.9997,1,2.0
CRDLI_IGDLV,maestro Simón,2,0.9997,2,1.0
CRDLI_IGDLV,marqués,2,0.8111,2,1.0
CRDLI_IGDLV,príncipe,2,0.887,2,1.0
CRDLI_IGDLV,Acahuana,1,0.998,1,1.0
CRDLI_IGDLV,Acahuana Inca,1,0.9996,1,1.0
CRDLI_IGDLV,Acosta,1,0.9958,1,1.0
CRDLI_IGDLV,Agustín de  Zárate,1,0.9967,1,1.0
CRDLI_IGDLV,Alfonso Váez,1,0.9999,1,1.0
CRDLI_IGDLV,Almagro,1,0.9998,1,1.0
CRDLI_IGDLV,Alonso  Mazuela,1,0.9999,1,1.0
CRDLI_IGDLV,Alonso  de Loaysa,1,0.9999,1,1.0
CRDLI_IGDLV,Alonso Díaz,1,0.9999,1,1.0
CRDLI_IGDLV,Alonso de  Toro,1,0.9999,1,1.0
CRDLI_IGDLV,Alonso de Hinojosa,1,0.9999,1,1.0
CRDLI_IGDLV,Alonso de Marchena,1,0.9999,1,1.0
CRDLI_IGDLV,Alonso de Soto,1,0.9999,1,1.0
CRDLI_IGDLV,Amador,1,0.5147,1,1.0
CRDLI_IGDLV,Ancohualla,1,0.9984,1,1.0
CRDLI_IGDLV,Andrés López,1,0.9999,1,1.0
CRDLI_IGDLV,Antoco,1,0.9998,1,1.0
CRDLI_IGDLV,Antonio  Altamirano,1,0.9999,1,1.0
CRDLI_IGDLV,Antonio  Solar,1,0.9998,1,1.0
CRDLI_IGDLV,Antonio  de Quiñones,1,0.9999,1,1.0
CRDLI_IGDLV,Antonio Lebrija,1,0.9999,1,1.0
CRDLI_IGDLV,Antonio Solar,1,0.9998,1,1.0
CRDLI_IGDLV,Antonio de Altamirano,1,1.0,1,1.0
CRDLI_IGDLV,Antonio de Quiñones,1,0.9998,1,1.0
CRDLI_IGDLV,Antón Ruiz de Guevara,1,0.9999,1,1.0
CRDLI_IGDLV,Aníbal,1,0.9979,1,1.0
CRDLI_IGDLV,Apolo Délfico,1,0.6673,1,1.0
CRDLI_IGDLV,Apu,1,0.7767,1,1.0
CRDLI_IGDLV,Apu Huallpa Rimachi,1,0.9998,1,1.0
CRDLI_IGDLV,Araucu,1,0.9999,1,1.0
CRDLI_IGDLV,Ariosto,1,0.9945,1,1.0
CRDLI_IGDLV,Arzobispo Don Gerónimo de Loaysa,1,0.9995,1,1.0
CRDLI_IGDLV,Arzobispo de Sevilla,1,0.9999,1,1.0
CRDLI_IGDLV,Astu Huaraca,1,0.9964,1,1.0
CRDLI_IGDLV,Atahuallpa Inca,1,0.9997,1,1.0
CRDLI_IGDLV,Auca,1,0.9588,1,1.0
CRDLI_IGDLV,Auqui  Amaru Túpac Inca,1,0.9976,1,1.0
CRDLI_IGDLV,Auqui Amaru Túpac Inca,1,0.9999,1,1.0
CRDLI_IGDLV,Auqui Mayta,1,0.9989,1,1.0
CRDLI_IGDLV,Añas,1,0.9996,1,1.0
CRDLI_IGDLV,Baco,1,0.9947,1,1.0
CRDLI_IGDLV,Balboa,1,0.9998,1,1.0
CRDLI_IGDLV,Bartolomé Colón,1,0.9997,1,1.0
CRDLI_IGDLV,Blas Gómez,1,0.9999,1,1.0
CRDLI_IGDLV,Bustincias,1,0.7834,1,1.0
CRDLI_IGDLV,Calla Cúnchuy,1,0.9987,1,1.0
CRDLI_IGDLV,Carvajal,1,0.876,1,1.0
CRDLI_IGDLV,Cauqui,1,0.7085,1,1.0
CRDLI_IGDLV,Ceres,1,0.9971,1,1.0
CRDLI_IGDLV,Chalcuchiman,1,0.9998,1,1.0
CRDLI_IGDLV,Changas,1,0.6964,1,1.0
CRDLI_IGDLV,Chauca Rimachi,1,0.9989,1,1.0
CRDLI_IGDLV,Chimpu,1,0.9969,1,1.0
CRDLI_IGDLV,Chincha Cámac,1,0.6223,1,1.0
CRDLI_IGDLV,Chinchas,1,0.9991,1,1.0
CRDLI_IGDLV,Chirihuanas,1,0.7643,1,1.0
CRDLI_IGDLV,Chiripia,1,0.699,1,1.0
CRDLI_IGDLV,Collasuyu,1,0.8474,1,1.0
CRDLI_IGDLV,Conde de Nieva,1,0.9999,1,1.0
CRDLI_IGDLV,Contador general Agustín de Zárate,1,0.9177,1,1.0
CRDLI_IGDLV,Corregidor,1,0.9932,1,1.0
CRDLI_IGDLV,Cotanera,1,0.9996,1,1.0
CRDLI_IGDLV,Cotapampa,1,0.9996,1,1.0
CRDLI_IGDLV,Coya  Cuxi Uárcay,1,0.9999,1,1.0
CRDLI_IGDLV,Coya Anahuarque,1,0.9997,1,1.0
CRDLI_IGDLV,Coya Chimpu Ocllo,1,0.9834,1,1.0
CRDLI_IGDLV,Coya Cuxi Uárcay,1,0.9996,1,1.0
CRDLI_IGDLV,Coya Mama  Curiyllpay,1,0.9997,1,1.0
CRDLI_IGDLV,Coya Mama Chicya,1,0.9986,1,1.0
CRDLI_IGDLV,Coya Reina,1,0.8408,1,1.0
CRDLI_IGDLV,Cozco Garcilaso de la Vega,1,0.9999,1,1.0
CRDLI_IGDLV,Cozcos,1,0.9868,1,1.0
CRDLI_IGDLV,Cristo,1,0.9945,1,1.0
CRDLI_IGDLV,Cristóbal,1,0.9986,1,1.0
CRDLI_IGDLV,Cristóbal de Ayala,1,0.9999,1,1.0
CRDLI_IGDLV,Cusi Huallpa,1,0.9998,1,1.0
CRDLI_IGDLV,Cusi Huarque,1,0.9999,1,1.0
CRDLI_IGDLV,Cuéllar,1,0.9999,1,1.0
CRDLI_IGDLV,Césares,1,0.9958,1,1.0
CRDLI_IGDLV,Damián de la Vandera,1,0.9999,1,1.0
CRDLI_IGDLV,Deucalión,1,0.9997,1,1.0
CRDLI_IGDLV,Diana,1,0.9924,1,1.0
CRDLI_IGDLV,Diego  Centeno,1,0.9999,1,1.0
CRDLI_IGDLV,Diego  de Rojas,1,0.9999,1,1.0
CRDLI_IGDLV,Diego Centeno,1,0.9999,1,1.0
CRDLI_IGDLV,Diego González,1,0.9999,1,1.0
CRDLI_IGDLV,Diego de  Alcobaza,1,0.9999,1,1.0
CRDLI_IGDLV,Diego de  Silva,1,0.9999,1,1.0
CRDLI_IGDLV,Diego de Chaves,1,0.9999,1,1.0
CRDLI_IGDLV,Diego de Nicuesa,1,0.9999,1,1.0
CRDLI_IGDLV,Diego de Trujillo,1,0.9999,1,1.0
CRDLI_IGDLV,Diego de los Ríos,1,0.9999,1,1.0
CRDLI_IGDLV,Dios  Viracocha,1,0.8356,1,1.0
CRDLI_IGDLV,Domingo,1,0.997,1,1.0
CRDLI_IGDLV,Don  Alonso de Ercilla,1,0.9998,1,1.0
CRDLI_IGDLV,Don  Alonso de Mesa,1,0.9999,1,1.0
CRDLI_IGDLV,Don  Carlos,1,0.9999,1,1.0
CRDLI_IGDLV,Don  García,1,0.9997,1,1.0
CRDLI_IGDLV,Don Alonso de Alvarado,1,0.9999,1,1.0
CRDLI_IGDLV,Don Alonso de Ercilla,1,0.9999,1,1.0
CRDLI_IGDLV,Don Alonso de Mesa,1,0.9998,1,1.0
CRDLI_IGDLV,Don Antonio Pereira,1,0.9999,1,1.0
CRDLI_IGDLV,Don Antonio de  Ribera,1,0.9998,1,1.0
CRDLI_IGDLV,Don Antonio de Mendoza,1,0.9999,1,1.0
CRDLI_IGDLV,Don Carlos Inca,1,0.9999,1,1.0
CRDLI_IGDLV,Don Cristóbal Paullu,1,0.9999,1,1.0
CRDLI_IGDLV,Don Diego  Sayritúpac,1,0.9999,1,1.0
CRDLI_IGDLV,Don Diego de Almagro el Viejo,1,0.9999,1,1.0
CRDLI_IGDLV,Don Diego de Témez,1,0.9999,1,1.0
CRDLI_IGDLV,Don Felipe,1,0.9983,1,1.0
CRDLI_IGDLV,Don Felipe Segundo,1,0.9999,1,1.0
CRDLI_IGDLV,Don Fernando,1,0.8887,1,1.0
CRDLI_IGDLV,Don Fernando Huallpa Túpac Inca  Yupanqui,1,0.9999,1,1.0
CRDLI_IGDLV,Don Francisco  Atahuallpa,1,0.9997,1,1.0
CRDLI_IGDLV,Don Francisco  Pizarro,1,0.9295,1,1.0
CRDLI_IGDLV,Don Francisco Túpac Inca Yupanqui,1,0.9998,1,1.0
CRDLI_IGDLV,Don Fray Juan Solano,1,0.9999,1,1.0
CRDLI_IGDLV,Don García,1,0.9959,1,1.0
CRDLI_IGDLV,Don García de  Mendoza,1,0.9999,1,1.0
CRDLI_IGDLV,Don García de Mendoza,1,0.9999,1,1.0
CRDLI_IGDLV,Don Gómez de Tordoya,1,0.9999,1,1.0
CRDLI_IGDLV,Don Jorge Robledo,1,0.9999,1,1.0
CRDLI_IGDLV,Don Juan Pechuta,1,0.9999,1,1.0
CRDLI_IGDLV,Don Martín de Contreras,1,0.9999,1,1.0
CRDLI_IGDLV,Don Martín de Guzmán,1,0.9999,1,1.0
CRDLI_IGDLV,Don Pedro  Luis de Cabrera,1,0.9999,1,1.0
CRDLI_IGDLV,Don Pedro Portocarrero,1,0.9999,1,1.0
CRDLI_IGDLV,Don Pedro Puertocarrero,1,1.0,1,1.0
CRDLI_IGDLV,Don Sebastián de Castilla,1,0.9999,1,1.0
CRDLI_IGDLV,Doña  Leonor Coya,1,1.0,1,1.0
CRDLI_IGDLV,Doña Angelina,1,0.9486,1,1.0
CRDLI_IGDLV,Doña Beatriz Coya,1,0.9999,1,1.0
CRDLI_IGDLV,Doña Catalina de Retes,1,0.9999,1,1.0
CRDLI_IGDLV,Doña Francisca Pizarro,1,0.9999,1,1.0
CRDLI_IGDLV,Doña Inés Huayllas Ñusta,1,0.9999,1,1.0
CRDLI_IGDLV,Doña Isabel,1,0.9999,1,1.0
CRDLI_IGDLV,Díjoles,1,0.9998,1,1.0
CRDLI_IGDLV,Emperador Carlos  Quinto,1,0.9999,1,1.0
CRDLI_IGDLV,Emperador Carlos Quinto,1,0.9998,1,1.0
CRDLI_IGDLV,Emperador Carlos Quinto Máximo,1,0.9996,1,1.0
CRDLI_IGDLV,Emperador de las Indias,1,0.9996,1,1.0
CRDLI_IGDLV,Emperatriz,1,0.7028,1,1.0
CRDLI_IGDLV,Enrique Garcés,1,0.9999,1,1.0
CRDLI_IGDLV,Eopuco,1,0.9984,1,1.0
CRDLI_IGDLV,Feliciano de  Silva,1,0.9999,1,1.0
CRDLI_IGDLV,Felipe,1,0.9997,1,1.0
CRDLI_IGDLV,Felipe Inca,1,0.9999,1,1.0
CRDLI_IGDLV,Felipillo,1,0.9998,1,1.0
CRDLI_IGDLV,Francisco Altamirano,1,1.0,1,1.0
CRDLI_IGDLV,Francisco Delgado,1,0.9999,1,1.0
CRDLI_IGDLV,Francisco Drac,1,0.9998,1,1.0
CRDLI_IGDLV,Francisco Hernández,1,0.9999,1,1.0
CRDLI_IGDLV,Francisco Hernández  Girón,1,0.9999,1,1.0
CRDLI_IGDLV,Francisco López de  Gómara,1,0.9999,1,1.0
CRDLI_IGDLV,Francisco Mejía,1,0.9999,1,1.0
CRDLI_IGDLV,Francisco de  Villacastín,1,0.9999,1,1.0
CRDLI_IGDLV,Francisco de Barrientes,1,0.9999,1,1.0
CRDLI_IGDLV,Francisco de Caravantes,1,0.9999,1,1.0
CRDLI_IGDLV,Francisco de Frías,1,0.9999,1,1.0
CRDLI_IGDLV,Francisco de Orellana,1,0.9998,1,1.0
CRDLI_IGDLV,Francisco de Oñate,1,0.9999,1,1.0
CRDLI_IGDLV,Francisco de Rieros,1,0.9999,1,1.0
CRDLI_IGDLV,Francisco de Villacastín,1,0.9999,1,1.0
CRDLI_IGDLV,Francisco del Campo,1,0.9999,1,1.0
CRDLI_IGDLV,Fray Antonio de San Miguel,1,0.9997,1,1.0
CRDLI_IGDLV,Fray Diego  Martín,1,0.9998,1,1.0
CRDLI_IGDLV,Fray Diego Martín,1,0.9999,1,1.0
CRDLI_IGDLV,Fray Juan Gallegos,1,0.9997,1,1.0
CRDLI_IGDLV,Gabriel  Carrera,1,0.9999,1,1.0
CRDLI_IGDLV,Garci  Vázquez,1,0.9999,1,1.0
CRDLI_IGDLV,Garci Vázquez,1,0.9998,1,1.0
CRDLI_IGDLV,Garcilaso,1,0.9998,1,1.0
CRDLI_IGDLV,Garcilaso de  la Vega,1,0.9999,1,1.0
CRDLI_IGDLV,Garcilaso de la  Vega,1,0.9999,1,1.0
CRDLI_IGDLV,García,1,0.8439,1,1.0
CRDLI_IGDLV,Gaspar Jara,1,1.0,1,1.0
CRDLI_IGDLV,Gaspar de Alcocer,1,0.9999,1,1.0
CRDLI_IGDLV,Generalísimo,1,0.9982,1,1.0
CRDLI_IGDLV,Gobernador Valdivia,1,0.9998,1,1.0
CRDLI_IGDLV,Gobernador de  Nicaragua Francisco de Contreras,1,0.9989,1,1.0
CRDLI_IGDLV,Gonzalo  Pizarro,1,0.9999,1,1.0
CRDLI_IGDLV,Gonzalo Bernal,1,0.9999,1,1.0
CRDLI_IGDLV,Gonzalo Pizarra,1,0.9999,1,1.0
CRDLI_IGDLV,Gonzalo Silvestre,1,0.9999,1,1.0
CRDLI_IGDLV,Gran Chimu,1,0.9991,1,1.0
CRDLI_IGDLV,Gran Titu,1,0.9193,1,1.0
CRDLI_IGDLV,Gómez  de Tordoya,1,0.9999,1,1.0
CRDLI_IGDLV,Gómez de  Tordoya,1,0.9999,1,1.0
CRDLI_IGDLV,Hanan Cozco,1,0.9997,1,1.0
CRDLI_IGDLV,Hernando Bachicao,1,0.9999,1,1.0
CRDLI_IGDLV,Hernán Bravo,1,1.0,1,1.0
CRDLI_IGDLV,Hierónimo Costillas,1,0.9999,1,1.0
CRDLI_IGDLV,Huacchacúyac,1,0.7435,1,1.0
CRDLI_IGDLV,Huallpa,1,0.9995,1,1.0
CRDLI_IGDLV,Huallpa Rimachi Inca,1,0.9996,1,1.0
CRDLI_IGDLV,Huallpa Túpac Inca  Yupanqui,1,0.9997,1,1.0
CRDLI_IGDLV,Huamanpallpa,1,0.9998,1,1.0
CRDLI_IGDLV,Huanca,1,0.8434,1,1.0
CRDLI_IGDLV,Huaychu,1,0.9922,1,1.0
CRDLI_IGDLV,Huayna Cápac Inca,1,0.9996,1,1.0
CRDLI_IGDLV,Huayna Cápac Inca Yupanqui,1,0.9939,1,1.0
CRDLI_IGDLV,Huelva,1,0.6778,1,1.0
CRDLI_IGDLV,Hurin Cozco,1,0.9997,1,1.0
CRDLI_IGDLV,Huáscar Inca Yupanqui,1,0.997,1,1.0
CRDLI_IGDLV,Icono,1,0.926,1,1.0
CRDLI_IGDLV,Illén Suárez de Carvajal,1,0.9999,1,1.0
CRDLI_IGDLV,Inca  Atahuallpa,1,0.9997,1,1.0
CRDLI_IGDLV,Inca  Auqui Titu,1,0.8402,1,1.0
CRDLI_IGDLV,Inca  Huáscar,1,0.9996,1,1.0
CRDLI_IGDLV,Inca  Túpac Yupanqui,1,0.9993,1,1.0
CRDLI_IGDLV,Inca Apu,1,0.9214,1,1.0
CRDLI_IGDLV,Inca Cápac  Yupanqui,1,0.9991,1,1.0
CRDLI_IGDLV,Inca Huáscar,1,0.9996,1,1.0
CRDLI_IGDLV,Inca Lloque  Yupanqui,1,0.999,1,1.0
CRDLI_IGDLV,Inca Manca Cápac,1,0.7624,1,1.0
CRDLI_IGDLV,Inca Manco Cápa,1,0.9998,1,1.0
CRDLI_IGDLV,Inca Maricanchi,1,0.9996,1,1.0
CRDLI_IGDLV,Inca Mayta,1,0.9996,1,1.0
CRDLI_IGDLV,Inca Paullu,1,0.9999,1,1.0
CRDLI_IGDLV,Inca Túpac Yupanqui,1,0.9841,1,1.0
CRDLI_IGDLV,Infante de Castilla,1,0.9992,1,1.0
CRDLI_IGDLV,Inga Yupangue,1,0.9992,1,1.0
CRDLI_IGDLV,Inga Yupanqui,1,0.9989,1,1.0
CRDLI_IGDLV,Inquisidor general Valdés de Salas,1,0.9999,1,1.0
CRDLI_IGDLV,Inti Cusi Huallpa,1,0.9999,1,1.0
CRDLI_IGDLV,Isabel,1,0.9773,1,1.0
CRDLI_IGDLV,Ischén,1,0.9713,1,1.0
CRDLI_IGDLV,Jerónimo de  Prado,1,0.9999,1,1.0
CRDLI_IGDLV,Juan,1,0.9999,1,1.0
CRDLI_IGDLV,Juan  Bocacio,1,0.9998,1,1.0
CRDLI_IGDLV,Juan  de Pancorvo,1,0.9999,1,1.0
CRDLI_IGDLV,Juan  Álvarez,1,0.9998,1,1.0
CRDLI_IGDLV,Juan Alonso  Palomino,1,0.9999,1,1.0
CRDLI_IGDLV,Juan Botero Benes,1,0.9998,1,1.0
CRDLI_IGDLV,Juan Julio de Hojeda,1,0.9999,1,1.0
CRDLI_IGDLV,Juan Sierra de Leguizamo,1,0.9999,1,1.0
CRDLI_IGDLV,Juan de  Betanzos,1,0.9999,1,1.0
CRDLI_IGDLV,Juan de  Solís,1,0.9999,1,1.0
CRDLI_IGDLV,Juan de Alcobaza,1,0.9999,1,1.0
CRDLI_IGDLV,Juan de Berrio,1,0.9999,1,1.0
CRDLI_IGDLV,Juan de Cellorico,1,0.9999,1,1.0
CRDLI_IGDLV,Juan de Cillorico,1,0.9999,1,1.0
CRDLI_IGDLV,Juan de Cuéllar,1,0.9999,1,1.0
CRDLI_IGDLV,Juan de Figueroa,1,0.9999,1,1.0
CRDLI_IGDLV,Juan de Reinaga,1,0.9999,1,1.0
CRDLI_IGDLV,Juan de Saavedra,1,0.9999,1,1.0
CRDLI_IGDLV,Juan de Salas,1,0.9999,1,1.0
CRDLI_IGDLV,Juan de Santa Cruz,1,0.9999,1,1.0
CRDLI_IGDLV,Jácomo de Trezo,1,0.9999,1,1.0
CRDLI_IGDLV,Júpiter,1,0.9894,1,1.0
CRDLI_IGDLV,Licenciado  de la Gama,1,0.9999,1,1.0
CRDLI_IGDLV,Licenciado Castro,1,0.9998,1,1.0
CRDLI_IGDLV,Licenciado Polo,1,0.9999,1,1.0
CRDLI_IGDLV,Lope  Martín,1,0.9999,1,1.0
CRDLI_IGDLV,Lope Martín,1,0.9999,1,1.0
CRDLI_IGDLV,Loyola,1,0.9999,1,1.0
CRDLI_IGDLV,Luis Osorio,1,0.9999,1,1.0
CRDLI_IGDLV,Luna,1,0.8177,1,1.0
CRDLI_IGDLV,M. reverendo,1,0.9207,1,1.0
CRDLI_IGDLV,Maestro  Acosta,1,0.9998,1,1.0
CRDLI_IGDLV,Maestro Blas Valera,1,0.9999,1,1.0
CRDLI_IGDLV,Maldonado,1,0.9998,1,1.0
CRDLI_IGDLV,Mama  Runtu,1,0.9998,1,1.0
CRDLI_IGDLV,Mama Caua,1,0.998,1,1.0
CRDLI_IGDLV,Mama Cuca,1,0.9994,1,1.0
CRDLI_IGDLV,Mama Mícay,1,0.9999,1,1.0
CRDLI_IGDLV,Mama Ocllo Huaco,1,0.9999,1,1.0
CRDLI_IGDLV,Mama Uárcay,1,0.9999,1,1.0
CRDLI_IGDLV,Mamánchic,1,0.9999,1,1.0
CRDLI_IGDLV,Mancebo Rico,1,0.9993,1,1.0
CRDLI_IGDLV,Mancio Serra de  Leguizamo,1,0.9999,1,1.0
CRDLI_IGDLV,Mancio Serra de Leguízamo,1,0.9999,1,1.0
CRDLI_IGDLV,Mancio Sierra,1,0.9999,1,1.0
CRDLI_IGDLV,Manuel,1,0.9543,1,1.0
CRDLI_IGDLV,Martín  Zuazo,1,0.9999,1,1.0
CRDLI_IGDLV,Martín Mustincia,1,0.9999,1,1.0
CRDLI_IGDLV,Martín de Ampuero,1,0.9999,1,1.0
CRDLI_IGDLV,Martín de Meneses,1,0.9999,1,1.0
CRDLI_IGDLV,Martín de Olmos,1,0.9999,1,1.0
CRDLI_IGDLV,María de Escobar,1,0.9999,1,1.0
CRDLI_IGDLV,Mayta,1,0.7577,1,1.0
CRDLI_IGDLV,Mayta  Cápac,1,0.9996,1,1.0
CRDLI_IGDLV,Miguel Sánchez,1,0.9999,1,1.0
CRDLI_IGDLV,Miguel Vásquez de Padilla,1,0.9999,1,1.0
CRDLI_IGDLV,Monardes,1,0.9991,1,1.0
CRDLI_IGDLV,Nuestro Padre el  Sol,1,0.9306,1,1.0
CRDLI_IGDLV,Numa Pompilio,1,0.998,1,1.0
CRDLI_IGDLV,Obispo de Chiapa,1,0.9998,1,1.0
CRDLI_IGDLV,Ometochtli,1,0.5939,1,1.0
CRDLI_IGDLV,Otaviano César,1,0.9999,1,1.0
CRDLI_IGDLV,P. Joseph de Acosta,1,0.9998,1,1.0
CRDLI_IGDLV,Pachacuti Inga Yupangui,1,0.9998,1,1.0
CRDLI_IGDLV,Padre  Joseph de Acosta,1,0.9999,1,1.0
CRDLI_IGDLV,Padre Alcobaza,1,0.9997,1,1.0
CRDLI_IGDLV,Padre Diego de Alcobaza,1,0.9997,1,1.0
CRDLI_IGDLV,Padre Fray Gerónimo Román,1,0.9997,1,1.0
CRDLI_IGDLV,Padre Fray Vicente de  Valverde,1,0.9996,1,1.0
CRDLI_IGDLV,Padre Joseph de  Acosta,1,0.9999,1,1.0
CRDLI_IGDLV,Padre Maestro Francisco de Castro,1,0.9994,1,1.0
CRDLI_IGDLV,Padre Maestro Joseph de  Acosta,1,0.9977,1,1.0
CRDLI_IGDLV,Padre Maestro Joseph de Acosta,1,0.9976,1,1.0
CRDLI_IGDLV,Padre Maestro Pedro Maldonado de Saavedra,1,0.9994,1,1.0
CRDLI_IGDLV,Padre Pedro Sánchez,1,0.9999,1,1.0
CRDLI_IGDLV,Padre Valera,1,0.9996,1,1.0
CRDLI_IGDLV,Palas,1,0.9314,1,1.0
CRDLI_IGDLV,Paulo,1,0.9995,1,1.0
CRDLI_IGDLV,Paulo Inga,1,0.9998,1,1.0
CRDLI_IGDLV,Pedrarias,1,0.5255,1,1.0
CRDLI_IGDLV,Pedro,1,0.9507,1,1.0
CRDLI_IGDLV,Pedro  de Valdivia,1,0.9999,1,1.0
CRDLI_IGDLV,Pedro Alonso  de Carrasco,1,0.9997,1,1.0
CRDLI_IGDLV,Pedro Alonso Carrasco,1,0.9999,1,1.0
CRDLI_IGDLV,Pedro Fernández de Velasco,1,0.9999,1,1.0
CRDLI_IGDLV,Pedro Luis de  Cabrera,1,0.996,1,1.0
CRDLI_IGDLV,Pedro López  de Cazalla,1,0.9999,1,1.0
CRDLI_IGDLV,Pedro López de  Cazalla,1,0.9999,1,1.0
CRDLI_IGDLV,Pedro Mártir,1,0.9997,1,1.0
CRDLI_IGDLV,Pedro de  Cieza,1,0.9999,1,1.0
CRDLI_IGDLV,Pedro de  Cieza de León,1,0.9999,1,1.0
CRDLI_IGDLV,Pedro de  Hinojosa,1,0.9996,1,1.0
CRDLI_IGDLV,Pedro de  Valdivia,1,0.9999,1,1.0
CRDLI_IGDLV,Pedro de Candía,1,0.9999,1,1.0
CRDLI_IGDLV,Pedro de Hinojosa,1,0.9999,1,1.0
CRDLI_IGDLV,Pedro de Orué,1,0.9999,1,1.0
CRDLI_IGDLV,Pedro de los Ríos,1,0.9999,1,1.0
CRDLI_IGDLV,Perú,1,0.6969,1,1.0
CRDLI_IGDLV,Pilato,1,0.9953,1,1.0
CRDLI_IGDLV,Pillcu Huaco,1,0.9997,1,1.0
CRDLI_IGDLV,Pinzones,1,0.9998,1,1.0
CRDLI_IGDLV,Pirra,1,0.9972,1,1.0
CRDLI_IGDLV,Pizarra,1,0.9999,1,1.0
CRDLI_IGDLV,Platón,1,0.9988,1,1.0
CRDLI_IGDLV,Polo,1,0.9997,1,1.0
CRDLI_IGDLV,Polo  Ondegardo,1,0.9999,1,1.0
CRDLI_IGDLV,Principe,1,0.9907,1,1.0
CRDLI_IGDLV,Principe Inca Roca,1,0.9995,1,1.0
CRDLI_IGDLV,Príapo,1,0.9996,1,1.0
CRDLI_IGDLV,Príncipe Huayna Cápac,1,0.9997,1,1.0
CRDLI_IGDLV,Príncipe Huáscar Inca,1,0.9996,1,1.0
CRDLI_IGDLV,Príncipe Inca Roca,1,0.9996,1,1.0
CRDLI_IGDLV,Príncipe Inca Viracocha,1,0.9998,1,1.0
CRDLI_IGDLV,Príncipe Yáhuar Huácac,1,0.9998,1,1.0
CRDLI_IGDLV,Príncipe de España,1,0.9998,1,1.0
CRDLI_IGDLV,Puyñuy,1,0.9858,1,1.0
CRDLI_IGDLV,Puñunqui,1,0.9821,1,1.0
CRDLI_IGDLV,Páhuac Mayta,1,0.9999,1,1.0
CRDLI_IGDLV,Páhuac Mayta Inca,1,0.9816,1,1.0
CRDLI_IGDLV,Píos,1,0.9999,1,1.0
CRDLI_IGDLV,Quezalcóahtl,1,0.9961,1,1.0
CRDLI_IGDLV,Quilliscacha,1,0.9998,1,1.0
CRDLI_IGDLV,Quitu,1,0.9486,1,1.0
CRDLI_IGDLV,Quéhuar Túpac,1,0.9994,1,1.0
CRDLI_IGDLV,Raua  Ocllo,1,0.9992,1,1.0
CRDLI_IGDLV,Raua Ocllo,1,0.9996,1,1.0
CRDLI_IGDLV,Reina  Mama Ocllo Huaco,1,0.9999,1,1.0
CRDLI_IGDLV,Reina Mama Runtu,1,0.952,1,1.0
CRDLI_IGDLV,Reinas,1,0.6975,1,1.0
CRDLI_IGDLV,Rey  Chuquimancu,1,0.9998,1,1.0
CRDLI_IGDLV,Rey  Cuismancu,1,0.9999,1,1.0
CRDLI_IGDLV,Rey  Don Felipe Segundo,1,0.9999,1,1.0
CRDLI_IGDLV,Rey  Inca Roca,1,0.9998,1,1.0
CRDLI_IGDLV,Rey  de Quitu,1,0.9998,1,1.0
CRDLI_IGDLV,Rey Católico,1,0.9995,1,1.0
CRDLI_IGDLV,Rey Don Felipe  Segundo,1,0.9998,1,1.0
CRDLI_IGDLV,Rey Don Felipe Segundo,1,0.9999,1,1.0
CRDLI_IGDLV,Rey Inca,1,0.9986,1,1.0
CRDLI_IGDLV,Rey Inca  Roca,1,0.9999,1,1.0
CRDLI_IGDLV,Rey Inca  Yupanqui,1,0.9997,1,1.0
CRDLI_IGDLV,Rey Manco  Cápac,1,0.9994,1,1.0
CRDLI_IGDLV,Rey Pachacútec,1,0.9996,1,1.0
CRDLI_IGDLV,Rey de Chincha,1,0.5768,1,1.0
CRDLI_IGDLV,Rey de los Incas,1,0.9962,1,1.0
CRDLI_IGDLV,Reyes Católicos Don Fernando,1,0.9999,1,1.0
CRDLI_IGDLV,Reyes Ingas,1,0.9989,1,1.0
CRDLI_IGDLV,Reyes de Castilla,1,0.9916,1,1.0
CRDLI_IGDLV,Reyes de España,1,0.9996,1,1.0
CRDLI_IGDLV,Rico,1,0.9539,1,1.0
CRDLI_IGDLV,Rodrigo Pantoja,1,0.9998,1,1.0
CRDLI_IGDLV,Rodrigo de Pineda,1,0.9999,1,1.0
CRDLI_IGDLV,Rumiñaui,1,0.9999,1,1.0
CRDLI_IGDLV,Runahuánac,1,0.9965,1,1.0
CRDLI_IGDLV,Ríndese Chuquimancu,1,0.6144,1,1.0
CRDLI_IGDLV,Salomón,1,0.9973,1,1.0
CRDLI_IGDLV,San Francisco,1,0.9997,1,1.0
CRDLI_IGDLV,Sancho de Rojas,1,0.9999,1,1.0
CRDLI_IGDLV,Santiago de Chili,1,0.8128,1,1.0
CRDLI_IGDLV,Santo Antonino,1,0.9669,1,1.0
CRDLI_IGDLV,Satanás,1,0.3684,1,1.0
CRDLI_IGDLV,Sebastián de Belalcázar,1,0.9999,1,1.0
CRDLI_IGDLV,Sebastián de Cazalla,1,0.9999,1,1.0
CRDLI_IGDLV,Señor San Lázaro,1,0.9996,1,1.0
CRDLI_IGDLV,Señor Todopoderoso,1,0.5573,1,1.0
CRDLI_IGDLV,Señores,1,0.81,1,1.0
CRDLI_IGDLV,Sinchi,1,0.9991,1,1.0
CRDLI_IGDLV,Sinchiruca,1,0.9998,1,1.0
CRDLI_IGDLV,Sol Nuestro Padre,1,0.9773,1,1.0
CRDLI_IGDLV,Solo Señor,1,0.882,1,1.0
CRDLI_IGDLV,Solón,1,0.9965,1,1.0
CRDLI_IGDLV,Su  Paternidad,1,0.6247,1,1.0
CRDLI_IGDLV,Su Alteza,1,0.5182,1,1.0
CRDLI_IGDLV,Sumo  Sacerdote del Sol,1,0.9982,1,1.0
CRDLI_IGDLV,Sumo Dios,1,0.8965,1,1.0
CRDLI_IGDLV,Sumos Pontífices,1,0.9529,1,1.0
CRDLI_IGDLV,Supremo Señor,1,0.6285,1,1.0
CRDLI_IGDLV,Ticci Viracocha,1,0.9934,1,1.0
CRDLI_IGDLV,Titu  Auqui,1,0.9999,1,1.0
CRDLI_IGDLV,Titu Inca Rimachi,1,0.9998,1,1.0
CRDLI_IGDLV,Tlazoltéutl,1,0.9861,1,1.0
CRDLI_IGDLV,Tomás  Vázquez,1,0.9999,1,1.0
CRDLI_IGDLV,Topa Inca,1,0.9986,1,1.0
CRDLI_IGDLV,Topainga Yupangue,1,0.9997,1,1.0
CRDLI_IGDLV,Tumi Pampa,1,0.5433,1,1.0
CRDLI_IGDLV,Tupa Inca,1,0.9996,1,1.0
CRDLI_IGDLV,Tópac Inca Yupanqui,1,0.9999,1,1.0
CRDLI_IGDLV,Túmay Huaraca,1,0.9985,1,1.0
CRDLI_IGDLV,Túmpiz,1,0.8114,1,1.0
CRDLI_IGDLV,Túpac Amaru,1,0.9992,1,1.0
CRDLI_IGDLV,Túpac Inca,1,0.9998,1,1.0
CRDLI_IGDLV,Uitcilopuchtli,1,0.785,1,1.0
CRDLI_IGDLV,Vallano,1,0.9999,1,1.0
CRDLI_IGDLV,Varrón,1,0.9997,1,1.0
CRDLI_IGDLV,Vasco  Núñez de Balboa,1,0.9998,1,1.0
CRDLI_IGDLV,Vasco Núñez de  Balboa,1,0.9997,1,1.0
CRDLI_IGDLV,Vasco Núñez de Balboa,1,0.9998,1,1.0
CRDLI_IGDLV,Vasco de  Guevara,1,0.9999,1,1.0
CRDLI_IGDLV,Venus,1,0.6598,1,1.0
CRDLI_IGDLV,Vicente Yáñez Pinzón,1,0.9999,1,1.0
CRDLI_IGDLV,Vilaoma,1,0.9911,1,1.0
CRDLI_IGDLV,Villalobos,1,1.0,1,1.0
CRDLI_IGDLV,Villarroel,1,0.9999,1,1.0
CRDLI_IGDLV,Virgen María,1,0.9958,1,1.0
CRDLI_IGDLV,Visorrey Don Andrés Hurtado de Mendoza,1,0.9998,1,1.0
CRDLI_IGDLV,Xayre Topa,1,0.9999,1,1.0
CRDLI_IGDLV,Xayre Topa Inga,1,0.9999,1,1.0
CRDLI_IGDLV,Yahuar Huácac,1,0.9999,1,1.0
CRDLI_IGDLV,Yahuarpampa,1,0.9979,1,1.0
CRDLI_IGDLV,Yáhuar  Huácac,1,0.9853,1,1.0
CRDLI_IGDLV,Yúcay,1,0.999,1,1.0
CRDLI_IGDLV,Zapa Inca Viracocha,1,0.8519,1,1.0
CRDLI_IGDLV,Zapana,1,0.9965,1,1.0
CRDLI_IGDLV,Zúñiga,1,0.9994,1,1.0
CRDLI_IGDLV,capitán general  Mayta,1,0.7903,1,1.0
CRDLI_IGDLV,chúcam,1,0.1565,1,1.0
CRDLI_IGDLV,de Cieza,1,0.6703,1,1.0
CRDLI_IGDLV,de Jesús,1,0.7768,1,1.0
CRDLI_IGDLV,de la,1,0.5319,1,1.0
CRDLI_IGDLV,de la Gama,1,0.9125,1,1.0
CRDLI_IGDLV,de] Cuéllar,1,0.9116,1,1.0
CRDLI_IGDLV,don Diego de Almagro,1,0.9944,1,1.0
CRDLI_IGDLV,don Francisco de Toledo,1,0.9963,1,1.0
CRDLI_IGDLV,don Sebastián de  Castilla,1,0.9993,1,1.0
CRDLI_IGDLV,el  Sol,1,0.7357,1,1.0
CRDLI_IGDLV,el Rico,1,0.9189,1,1.0
CRDLI_IGDLV,frate Cipolla,1,0.7519,1,1.0
CRDLI_IGDLV,fray Diego Martín,1,0.9997,1,1.0
CRDLI_IGDLV,la Gasca,1,0.7848,1,1.0
CRDLI_IGDLV,maestro  Simón López,1,0.9998,1,1.0
CRDLI_IGDLV,marqués Don Francisco Pizarro,1,0.9995,1,1.0
