obra,personaje_1,personaje_2,peso
CELC_MVLL,Ambrosio Pardo,Santiago Zavala,104
CELC_MVLL,Ambrosio Pardo,Cayo Bermúdez,83
CELC_MVLL,Ambrosio Pardo,Fermín Zavala,76
CELC_MVLL,Carlitos,Santiago Zavala,72
CELC_MVLL,Amalia Landa,Ambrosio Pardo,70
CELC_MVLL,Fermín Zavala,Santiago Zavala,61
CELC_MVLL,Chispas Zavala,Santiago Zavala,60
CELC_MVLL,Santiago Zavala,Teté Zavala,60
CELC_MVLL,Ambrosio Pardo,don,59
CELC_MVLL,Fermín Zavala,don,58
CELC_MVLL,Ambrosio Pardo,Ludovico,54
CELC_MVLL,Cayo Bermúdez,Ludovico,54
CELC_MVLL,Cayo Bermúdez,Santiago Zavala,52
CELC_MVLL,Cayo Bermúdez,Fermín Zavala,50
CELC_MVLL,Chispas Zavala,Teté Zavala,48
CELC_MVLL,Ambrosio Pardo,Queta,47
CELC_MVLL,Hipólito,Ludovico,45
CELC_MVLL,Cayo Bermúdez,Coronel Lozano,42
CELC_MVLL,Cayo Bermúdez,Presidente,42
CELC_MVLL,Hortensia,Queta,42
CELC_MVLL,Cayo Bermúdez,Queta,41
CELC_MVLL,Cayo Bermúdez,don,40
CELC_MVLL,Santiago Zavala,don,40
CELC_MVLL,Popeye Arévalo,Santiago Zavala,39
CELC_MVLL,Ambrosio Pardo,Chispas Zavala,38
CELC_MVLL,Cayo Bermúdez,Hipólito,38
CELC_MVLL,Cayo Bermúdez,Odría,38
CELC_MVLL,Ambrosio Pardo,Teté Zavala,37
CELC_MVLL,Cayo Bermúdez,Espina,37
CELC_MVLL,Amalia Landa,Fermín Zavala,36
CELC_MVLL,Amalia Landa,Queta,36
CELC_MVLL,Ambrosio Pardo,Odría,36
CELC_MVLL,Aída,Santiago Zavala,36
CELC_MVLL,Amalia Landa,Santiago Zavala,35
CELC_MVLL,Ambrosio Pardo,Carlitos,35
CELC_MVLL,Ambrosio Pardo,Hipólito,33
CELC_MVLL,Chispas Zavala,Fermín Zavala,33
CELC_MVLL,Coronel Lozano,Ludovico,33
CELC_MVLL,Santiago Zavala,Zoila,33
CELC_MVLL,Cayo Bermúdez,Trifulcio,31
CELC_MVLL,Cayo Bermúdez,Hortensia,30
CELC_MVLL,Odría,Santiago Zavala,30
CELC_MVLL,Amalia Landa,Hortensia,29
CELC_MVLL,Aída,Jacobo,29
CELC_MVLL,Fermín Zavala,Teté Zavala,29
CELC_MVLL,Ambrosio Pardo,Popeye Arévalo,28
CELC_MVLL,Ambrosio Pardo,Trifulcio,28
CELC_MVLL,Cayo Bermúdez,Landa,28
CELC_MVLL,Coronel Lozano,Hipólito,28
CELC_MVLL,Jacobo,Santiago Zavala,28
CELC_MVLL,Popeye Arévalo,Teté Zavala,28
CELC_MVLL,Amalia Landa,Cayo Bermúdez,27
CELC_MVLL,Ambrosio Pardo,Aída,27
CELC_MVLL,Ambrosio Pardo,Hortensia,27
CELC_MVLL,Becerrita,Santiago Zavala,27
CELC_MVLL,Amalia Landa,Carlota,26
CELC_MVLL,Amalia Landa,don,26
CELC_MVLL,Ana,Santiago Zavala,26
CELC_MVLL,Chispas Zavala,Popeye Arévalo,26
CELC_MVLL,Teté Zavala,Zoila,26
CELC_MVLL,Amalia Landa,Trinidad,25
CELC_MVLL,Cayo Bermúdez,Popeye Arévalo,25
CELC_MVLL,Chispas Zavala,Zoila,25
CELC_MVLL,Fermín Zavala,Zoila,25
CELC_MVLL,Ambrosio Pardo,Coronel Lozano,24
CELC_MVLL,Ambrosio Pardo,Zoila,24
CELC_MVLL,Fermín Zavala,Ludovico,24
CELC_MVLL,Fermín Zavala,Popeye Arévalo,24
CELC_MVLL,Ludovico,Trifulcio,24
CELC_MVLL,Fermín Zavala,Odría,23
CELC_MVLL,Fermín Zavala,Queta,23
CELC_MVLL,Ivonne,Queta,23
CELC_MVLL,Ludovico,Odría,23
CELC_MVLL,Ambrosio Pardo,Presidente,22
CELC_MVLL,Ambrosio Pardo,Trinidad,22
CELC_MVLL,Becerrita,Carlitos,22
CELC_MVLL,Carlitos,Cayo Bermúdez,22
CELC_MVLL,Periquito,Santiago Zavala,22
CELC_MVLL,Queta,Santiago Zavala,22
CELC_MVLL,Amalia Landa,Símula,21
CELC_MVLL,Cayo Bermúdez,Paredes,21
CELC_MVLL,Chispas Zavala,don,21
CELC_MVLL,Amalia Landa,Ludovico,20
CELC_MVLL,Ambrosio Pardo,Espina,20
CELC_MVLL,Ambrosio Pardo,Jacobo,20
CELC_MVLL,Carlitos,Fermín Zavala,20
CELC_MVLL,Hipólito,Trifulcio,20
CELC_MVLL,Queta,Quetita,20
CELC_MVLL,Alcibíades,Cayo Bermúdez,19
CELC_MVLL,Cayo Bermúdez,General,19
CELC_MVLL,Cayo Bermúdez,Serrano,19
CELC_MVLL,Fermín Zavala,Hipólito,19
CELC_MVLL,Landa,Presidente,19
CELC_MVLL,Ludovico,Presidente,19
CELC_MVLL,Santiago Zavala,Solórzano,19
CELC_MVLL,Becerrita,Periquito,18
CELC_MVLL,Carlitos,Periquito,18
CELC_MVLL,Carlota,Símula,18
CELC_MVLL,Coronel Lozano,Presidente,18
CELC_MVLL,Fermín Zavala,Trifulcio,18
CELC_MVLL,Hipólito,Odría,18
CELC_MVLL,Ludovico,don,18
CELC_MVLL,Norwin,Santiago Zavala,18
CELC_MVLL,Teté Zavala,don,18
CELC_MVLL,Carlitos,Norwin,17
CELC_MVLL,Carlota,Queta,17
CELC_MVLL,Cayo Bermúdez,Chispas Zavala,17
CELC_MVLL,Cayo Bermúdez,Molina,17
CELC_MVLL,Espina,Fermín Zavala,17
CELC_MVLL,Fermín Zavala,Landa,17
CELC_MVLL,Hipólito,Popeye Arévalo,17
CELC_MVLL,Hipólito,Presidente,17
CELC_MVLL,Héctor,Santiago Zavala,17
CELC_MVLL,Landa,Ludovico,17
CELC_MVLL,Ludovico,Popeye Arévalo,17
CELC_MVLL,Odría,don,17
CELC_MVLL,Queta,Robertito,17
CELC_MVLL,Trifulcio,don,17
CELC_MVLL,Amalia Landa,Teté Zavala,16
CELC_MVLL,Amalita Hortensia,Ambrosio Pardo,16
CELC_MVLL,Arispe,Santiago Zavala,16
CELC_MVLL,Carlota,Cayo Bermúdez,16
CELC_MVLL,Cayo Bermúdez,Ivonne,16
CELC_MVLL,Cayo Bermúdez,Téllez,16
CELC_MVLL,Espina,Presidente,16
CELC_MVLL,Fermín Zavala,Hortensia,16
CELC_MVLL,Fermín Zavala,Presidente,16
CELC_MVLL,Hipólito,Landa,16
CELC_MVLL,Ludovico,Molina,16
CELC_MVLL,Ludovico,Téllez,16
CELC_MVLL,Odría,Popeye Arévalo,16
CELC_MVLL,Paredes,Presidente,16
CELC_MVLL,Popeye Arévalo,don,16
CELC_MVLL,Santiago Zavala,Washington,16
CELC_MVLL,Aída,Carlitos,15
CELC_MVLL,Aída,Héctor,15
CELC_MVLL,Aída,Washington,15
CELC_MVLL,Carlitos,Chispas Zavala,15
CELC_MVLL,Carlota,Hortensia,15
CELC_MVLL,Cayo Bermúdez,Musa,15
CELC_MVLL,Cayo Bermúdez,Teté Zavala,15
CELC_MVLL,Cayo Bermúdez,Zavala,15
CELC_MVLL,Coronel Lozano,Landa,15
CELC_MVLL,Espina,Santiago Zavala,15
CELC_MVLL,Espina,Serrano,15
CELC_MVLL,Fermín Zavala,General,15
CELC_MVLL,Fermín Zavala,Trinidad,15
CELC_MVLL,Hortensia,Ludovico,15
CELC_MVLL,Ludovico,Queta,15
CELC_MVLL,Musa,Santiago Zavala,15
CELC_MVLL,Odría,Trifulcio,15
CELC_MVLL,Popeye Arévalo,Trifulcio,15
CELC_MVLL,Trifulcio,Téllez,15
CELC_MVLL,Zoila,don,15
CELC_MVLL,Amalia Landa,Amalita Hortensia,14
CELC_MVLL,Amalia Landa,Chispas Zavala,14
CELC_MVLL,Amalia Landa,Gertrudis,14
CELC_MVLL,Amalia Landa,Zoila,14
CELC_MVLL,Ambrosio Pardo,Ana,14
CELC_MVLL,Ambrosio Pardo,Carlota,14
CELC_MVLL,Ambrosio Pardo,Don,14
CELC_MVLL,Ambrosio Pardo,Hilario,14
CELC_MVLL,Ambrosio Pardo,Serrano,14
CELC_MVLL,Arbeláez,Cayo Bermúdez,14
CELC_MVLL,Aída,Teté Zavala,14
CELC_MVLL,Carlitos,Teté Zavala,14
CELC_MVLL,Cayo Bermúdez,Ministro,14
CELC_MVLL,Cayo Bermúdez,Prefecto,14
CELC_MVLL,Coronel Lozano,Fermín Zavala,14
CELC_MVLL,Don,don,14
CELC_MVLL,Espina,don,14
CELC_MVLL,Hipólito,Molina,14
CELC_MVLL,Jacobo,Washington,14
CELC_MVLL,Popeye Arévalo,Zoila,14
CELC_MVLL,Queta,don,14
CELC_MVLL,Trifulcio,Urondo,14
CELC_MVLL,Amalia Landa,Hilario,13
CELC_MVLL,Ambrosio Pardo,Becerrita,13
CELC_MVLL,Ambrosio Pardo,Ivonne,13
CELC_MVLL,Ambrosio Pardo,Martínez,13
CELC_MVLL,Ambrosio Pardo,Símula,13
CELC_MVLL,Ambrosio Pardo,Téllez,13
CELC_MVLL,Arispe,Carlitos,13
CELC_MVLL,Carlitos,Solórzano,13
CELC_MVLL,Cayo Bermúdez,Símula,13
CELC_MVLL,Cayo Bermúdez,Urondo,13
CELC_MVLL,Hipólito,Paredes,13
CELC_MVLL,Hipólito,Téllez,13
CELC_MVLL,Hortensia,Ivonne,13
CELC_MVLL,Héctor,Jacobo,13
CELC_MVLL,Héctor,Washington,13
CELC_MVLL,Ivonne,Santiago Zavala,13
CELC_MVLL,Molina,Trifulcio,13
CELC_MVLL,Odría,Presidente,13
CELC_MVLL,Téllez,Urondo,13
CELC_MVLL,Amalia Landa,Rosario,12
CELC_MVLL,Ambrosio Pardo,General,12
CELC_MVLL,Ambrosio Pardo,Landa,12
CELC_MVLL,Ambrosio Pardo,Quetita,12
CELC_MVLL,Ana,Carlitos,12
CELC_MVLL,Arispe,Becerrita,12
CELC_MVLL,Arispe,Periquito,12
CELC_MVLL,Aída,Solórzano,12
CELC_MVLL,Becerrita,Cayo Bermúdez,12
CELC_MVLL,Carlitos,don,12
CELC_MVLL,Cayo Bermúdez,Don,12
CELC_MVLL,Chispas Zavala,Odría,12
CELC_MVLL,Don,Fermín Zavala,12
CELC_MVLL,Espina,Ludovico,12
CELC_MVLL,Espina,Trifulcio,12
CELC_MVLL,General,don,12
CELC_MVLL,Hipólito,don,12
CELC_MVLL,Ivonne,Robertito,12
CELC_MVLL,Landa,Odría,12
CELC_MVLL,Landa,don,12
CELC_MVLL,Ludovico,Paredes,12
CELC_MVLL,Ludovico,Santiago Zavala,12
CELC_MVLL,Ludovico,Urondo,12
CELC_MVLL,Presidente,don,12
CELC_MVLL,Queta,Símula,12
CELC_MVLL,Santiago Zavala,Trinidad,12
CELC_MVLL,Amalia Landa,Coronel Lozano,11
CELC_MVLL,Amalia Landa,Odría,11
CELC_MVLL,Ambrosio Pardo,Arispe,11
CELC_MVLL,Ambrosio Pardo,Emilio,11
CELC_MVLL,Ambrosio Pardo,Molina,11
CELC_MVLL,Ambrosio Pardo,Paredes,11
CELC_MVLL,Ambrosio Pardo,Periquito,11
CELC_MVLL,Ambrosio Pardo,don Hilario,11
CELC_MVLL,Ambrosio Pardo,doña Lupe,11
CELC_MVLL,Ana,Teté Zavala,11
CELC_MVLL,Arbeláez,Presidente,11
CELC_MVLL,Aída,Chispas Zavala,11
CELC_MVLL,Aída,Fermín Zavala,11
CELC_MVLL,Aída,Zoila,11
CELC_MVLL,Becerrita,Musa,11
CELC_MVLL,Carlitos,Jacobo,11
CELC_MVLL,Carlitos,Queta,11
CELC_MVLL,Clodomiro,Santiago Zavala,11
CELC_MVLL,Coronel Lozano,Paredes,11
CELC_MVLL,Coronel Lozano,Queta,11
CELC_MVLL,Emilio,Ludovico,11
CELC_MVLL,Emilio,Trifulcio,11
CELC_MVLL,Espina,General,11
CELC_MVLL,Espina,Landa,11
CELC_MVLL,Espina,Odría,11
CELC_MVLL,General,Presidente,11
CELC_MVLL,Gertrudis,Trinidad,11
CELC_MVLL,Hilario,don,11
CELC_MVLL,Hortensia,Símula,11
CELC_MVLL,Héctor,Solórzano,11
CELC_MVLL,Jacobo,Teté Zavala,11
CELC_MVLL,Llaque,Santiago Zavala,11
CELC_MVLL,Robertito,Santiago Zavala,11
CELC_MVLL,Amalia Landa,Don,10
CELC_MVLL,Amalia Landa,Ivonne,10
CELC_MVLL,Amalia Landa,Quetita,10
CELC_MVLL,Amalita Hortensia,doña Lupe,10
CELC_MVLL,Ambrosio Pardo,Gertrudis,10
CELC_MVLL,Ambrosio Pardo,Héctor,10
CELC_MVLL,Ambrosio Pardo,Musa,10
CELC_MVLL,Ambrosio Pardo,Solórzano,10
CELC_MVLL,Ambrosio Pardo,Urondo,10
CELC_MVLL,Carlitos,Héctor,10
CELC_MVLL,Cayo Bermúdez,Ferro,10
CELC_MVLL,Cayo Bermúdez,Llerena,10
CELC_MVLL,Cayo Bermúdez,Martínez,10
CELC_MVLL,Coronel Lozano,Hortensia,10
CELC_MVLL,Coronel Lozano,Odría,10
CELC_MVLL,Coronel Lozano,Popeye Arévalo,10
CELC_MVLL,Coronel Lozano,Trifulcio,10
CELC_MVLL,Coronel Lozano,Téllez,10
CELC_MVLL,Coronel Lozano,don,10
CELC_MVLL,Emilio,Fermín Zavala,10
CELC_MVLL,Emilio,Hipólito,10
CELC_MVLL,Emilio Arévalo,Trifulcio,10
CELC_MVLL,Espina,Hipólito,10
CELC_MVLL,Espina,Paredes,10
CELC_MVLL,Hipólito,Urondo,10
CELC_MVLL,Hortensia,Santiago Zavala,10
CELC_MVLL,Hortensia,don,10
CELC_MVLL,Ivonne,Quetita,10
CELC_MVLL,Jacobo,Solórzano,10
CELC_MVLL,Ludovico,Prefecto,10
CELC_MVLL,Martínez,Trifulcio,10
CELC_MVLL,Molina,Téllez,10
CELC_MVLL,Prefecto,Presidente,10
CELC_MVLL,Alcibíades,Coronel Lozano,9
CELC_MVLL,Amalia Landa,Carlitos,9
CELC_MVLL,Amalia Landa,Popeye Arévalo,9
CELC_MVLL,Amalia Landa,don Hilario,9
CELC_MVLL,Amalia Landa,doña Lupe,9
CELC_MVLL,Ambrosio Pardo,Emilio Arévalo,9
CELC_MVLL,Ambrosio Pardo,Norwin,9
CELC_MVLL,Ambrosio Pardo,Prefecto,9
CELC_MVLL,Ambrosio Pardo,Washington,9
CELC_MVLL,Ana,Popeye Arévalo,9
CELC_MVLL,Aída,Llaque,9
CELC_MVLL,Aída,Odría,9
CELC_MVLL,Batuque,Santiago Zavala,9
CELC_MVLL,Becerrita,Norwin,9
CELC_MVLL,Carlitos,Musa,9
CELC_MVLL,Cary,Chispas Zavala,9
CELC_MVLL,Cary,Santiago Zavala,9
CELC_MVLL,Cayo Bermúdez,Emilio Arévalo,9
CELC_MVLL,Cayo Bermúdez,Lama,9
CELC_MVLL,Cayo Bermúdez,Periquito,9
CELC_MVLL,Cayo Bermúdez,Robertito,9
CELC_MVLL,Coronel Lozano,Molina,9
CELC_MVLL,Darío,Periquito,9
CELC_MVLL,Darío,Santiago Zavala,9
CELC_MVLL,Emilio,Odría,9
CELC_MVLL,Emilio Arévalo,Popeye Arévalo,9
CELC_MVLL,Fermín Zavala,Jacobo,9
CELC_MVLL,Fermín Zavala,Téllez,9
CELC_MVLL,Fermín Zavala,Urondo,9
CELC_MVLL,Fermín Zavala,Zavala,9
CELC_MVLL,General,Trifulcio,9
CELC_MVLL,Hipólito,Santiago Zavala,9
CELC_MVLL,Hortensia,Landa,9
CELC_MVLL,Hortensia,Quetita,9
CELC_MVLL,Jacobo,Zoila,9
CELC_MVLL,Lama,Ludovico,9
CELC_MVLL,Landa,Paredes,9
CELC_MVLL,Landa,Popeye Arévalo,9
CELC_MVLL,Landa,Queta,9
CELC_MVLL,Landa,Zavala,9
CELC_MVLL,Llerena,Presidente,9
CELC_MVLL,Lucía,Santiago Zavala,9
CELC_MVLL,Ludovico,Martínez,9
CELC_MVLL,Martínez,Santiago Zavala,9
CELC_MVLL,Martínez,Téllez,9
CELC_MVLL,Ministro,Presidente,9
CELC_MVLL,Molina,Popeye Arévalo,9
CELC_MVLL,Molina,Prefecto,9
CELC_MVLL,Musa,Periquito,9
CELC_MVLL,Odría,Teté Zavala,9
CELC_MVLL,Odría,Téllez,9
CELC_MVLL,Odría,Urondo,9
CELC_MVLL,Popeye Arévalo,Téllez,9
CELC_MVLL,Presidente,Santiago Zavala,9
CELC_MVLL,Presidente,Serrano,9
CELC_MVLL,Presidente,Zavala,9
CELC_MVLL,Santiago Zavala,Vallejo,9
CELC_MVLL,Santiago Zavala,tío Clodomiro,9
CELC_MVLL,Serrano,don,9
CELC_MVLL,Solórzano,Washington,9
CELC_MVLL,Trinidad,don,9
CELC_MVLL,Alcibíades,Ambrosio Pardo,8
CELC_MVLL,Alcibíades,Presidente,8
CELC_MVLL,Amalia Landa,Lucas,8
CELC_MVLL,Amalita Hortensia,Hilario,8
CELC_MVLL,Ambrosio Pardo,Robertito,8
CELC_MVLL,Ambrosio Pardo,Rosario,8
CELC_MVLL,Ambrosio Pardo,Tomasa,8
CELC_MVLL,Ana,Chispas Zavala,8
CELC_MVLL,Arbeláez,Landa,8
CELC_MVLL,Arispe,Darío,8
CELC_MVLL,Becerrita,Ivonne,8
CELC_MVLL,Becerrita,Queta,8
CELC_MVLL,Carlitos,Ivonne,8
CELC_MVLL,Carlitos,Llaque,8
CELC_MVLL,Carlitos,Odría,8
CELC_MVLL,Carlitos,Washington,8
CELC_MVLL,Carlitos,Zoila,8
CELC_MVLL,Cary,Popeye Arévalo,8
CELC_MVLL,Cary,Teté Zavala,8
CELC_MVLL,Cayo Bermúdez,Emilio,8
CELC_MVLL,Cayo Bermúdez,Quetita,8
CELC_MVLL,Cayo Bermúdez,Tallio,8
CELC_MVLL,Cayo Bermúdez,Tomasa,8
CELC_MVLL,Cayo Bermúdez,doctor,8
CELC_MVLL,Chispas Zavala,Jacobo,8
CELC_MVLL,Clodomiro,Fermín Zavala,8
CELC_MVLL,Coronel Lozano,Espina,8
CELC_MVLL,Coronel Lozano,Zavala,8
CELC_MVLL,Emilio,Popeye Arévalo,8
CELC_MVLL,Emilio,Téllez,8
CELC_MVLL,Emilio Arévalo,Fermín Zavala,8
CELC_MVLL,Emilio Arévalo,Ludovico,8
CELC_MVLL,Espina,Popeye Arévalo,8
CELC_MVLL,Fermín Zavala,Gertrudis,8
CELC_MVLL,Gertrudis,Santiago Zavala,8
CELC_MVLL,Hipólito,Prefecto,8
CELC_MVLL,Hortensia,Presidente,8
CELC_MVLL,Héctor,Llaque,8
CELC_MVLL,Héctor,Martínez,8
CELC_MVLL,Lama,Molina,8
CELC_MVLL,Landa,Santiago Zavala,8
CELC_MVLL,Landa,Trifulcio,8
CELC_MVLL,Llerena,Paredes,8
CELC_MVLL,Lucas,Queta,8
CELC_MVLL,Malvina,Queta,8
CELC_MVLL,Martínez,Urondo,8
CELC_MVLL,Musa,Queta,8
CELC_MVLL,Odría,Queta,8
CELC_MVLL,Periquito,Queta,8
CELC_MVLL,Popeye Arévalo,Presidente,8
CELC_MVLL,Prefecto,Trifulcio,8
CELC_MVLL,Presidente,Queta,8
CELC_MVLL,Queta,Teté Zavala,8
CELC_MVLL,Queta,Trinidad,8
CELC_MVLL,Quetita,Robertito,8
CELC_MVLL,Rosario,Trinidad,8
CELC_MVLL,Santiago Zavala,Trifulcio,8
CELC_MVLL,Tomasa,Trifulcio,8
CELC_MVLL,don Hilario,doña Lupe,8
CELC_MVLL,Alcibíades,Espina,7
CELC_MVLL,Alcibíades,Ministro,7
CELC_MVLL,Alcibíades,Santiago Zavala,7
CELC_MVLL,Amalia Landa,Gertrudis Lama,7
CELC_MVLL,Amalita Hortensia,don Hilario,7
CELC_MVLL,Ambrosio Pardo,Buitre,7
CELC_MVLL,Ambrosio Pardo,Ministro,7
CELC_MVLL,Ambrosio Pardo,Zavala,7
CELC_MVLL,Anita,Santiago Zavala,7
CELC_MVLL,Arbeláez,Coronel Lozano,7
CELC_MVLL,Arbeláez,Hipólito,7
CELC_MVLL,Arbeláez,Paredes,7
CELC_MVLL,Aída,Martínez,7
CELC_MVLL,Becerrita,Darío,7
CELC_MVLL,Buitre,Cayo Bermúdez,7
CELC_MVLL,Carlitos,Darío,7
CELC_MVLL,Carlota,Coronel Lozano,7
CELC_MVLL,Carlota,Fermín Zavala,7
CELC_MVLL,Carlota,Ludovico,7
CELC_MVLL,Carlota,Quetita,7
CELC_MVLL,Cayo Bermúdez,Teniente,7
CELC_MVLL,Chispas Zavala,Queta,7
CELC_MVLL,Coronel Lozano,General,7
CELC_MVLL,Don,Santiago Zavala,7
CELC_MVLL,Emilio,Landa,7
CELC_MVLL,Emilio,don,7
CELC_MVLL,Emilio Arévalo,Espina,7
CELC_MVLL,Emilio Arévalo,don,7
CELC_MVLL,Espina,Ferro,7
CELC_MVLL,Espina,Zavala,7
CELC_MVLL,Fermín Zavala,Paredes,7
CELC_MVLL,Fermín Zavala,tío Clodomiro,7
CELC_MVLL,Ferro,Ludovico,7
CELC_MVLL,General,Hipólito,7
CELC_MVLL,General,Landa,7
CELC_MVLL,General,Llerena,7
CELC_MVLL,General,Ludovico,7
CELC_MVLL,General,Paredes,7
CELC_MVLL,General,Popeye Arévalo,7
CELC_MVLL,Hilario,don Hilario,7
CELC_MVLL,Hortensia,Odría,7
CELC_MVLL,Ivonne,Ludovico,7
CELC_MVLL,Ivonne,Periquito,7
CELC_MVLL,Jacobo,Llaque,7
CELC_MVLL,Jacobo,Odría,7
CELC_MVLL,Lama,Trifulcio,7
CELC_MVLL,Llaque,Washington,7
CELC_MVLL,Ludovico,Símula,7
CELC_MVLL,Malvina,Robertito,7
CELC_MVLL,Martínez,Molina,7
CELC_MVLL,Martínez,Odría,7
CELC_MVLL,Paredes,Serrano,7
CELC_MVLL,Paredes,Zavala,7
CELC_MVLL,Popeye Arévalo,Prefecto,7
CELC_MVLL,Presidente,Trifulcio,7
CELC_MVLL,Santiago Zavala,Tallio,7
CELC_MVLL,Urondo,don,7
CELC_MVLL,don,don Hilario,7
CELC_MVLL,Alcibíades,Fermín Zavala,6
CELC_MVLL,Alcibíades,Hipólito,6
CELC_MVLL,Alcibíades,Ludovico,6
CELC_MVLL,Alcibíades,Paredes,6
CELC_MVLL,Amalia Landa,Don Hilario,6
CELC_MVLL,Amalia Landa,Hipólito,6
CELC_MVLL,Amalia Landa,Lupe,6
CELC_MVLL,Amalia Landa,Trinidad López,6
CELC_MVLL,Amalita Hortensia,Doña Lupe,6
CELC_MVLL,Amalita Hortensia,Lupe,6
CELC_MVLL,Amalita Hortensia,Santiago Zavala,6
CELC_MVLL,Ambrosio Pardo,Cary,6
CELC_MVLL,Ambrosio Pardo,Clodomiro,6
CELC_MVLL,Ambrosio Pardo,Darío,6
CELC_MVLL,Ambrosio Pardo,Don Hilario,6
CELC_MVLL,Ambrosio Pardo,Doña Lupe,6
CELC_MVLL,Ambrosio Pardo,Lama,6
CELC_MVLL,Ambrosio Pardo,Lucas,6
CELC_MVLL,Ambrosio Pardo,Lucía,6
CELC_MVLL,Ambrosio Pardo,Lupe,6
CELC_MVLL,Ambrosio Pardo,Pantaleón,6
CELC_MVLL,Ambrosio Pardo,Rosa,6
CELC_MVLL,Ambrosio Pardo,Teniente,6
CELC_MVLL,Ambrosio Pardo,Trinidad López,6
CELC_MVLL,Ambrosio Pardo,Túmula,6
CELC_MVLL,Ana,Anita,6
CELC_MVLL,Ana,Cary,6
CELC_MVLL,Ana,Norwin,6
CELC_MVLL,Arbeláez,Espina,6
CELC_MVLL,Arbeláez,Ludovico,6
CELC_MVLL,Aída,don,6
CELC_MVLL,Becerra,Becerrita,6
CELC_MVLL,Becerra,Cayo Bermúdez,6
CELC_MVLL,Becerra,Santiago Zavala,6
CELC_MVLL,Becerrita,Fermín Zavala,6
CELC_MVLL,Buitre,Túmula,6
CELC_MVLL,Bustamante,Odría,6
CELC_MVLL,Cahuide,Santiago Zavala,6
CELC_MVLL,Carlitos,China,6
CELC_MVLL,Carlitos,Popeye Arévalo,6
CELC_MVLL,Carlitos,Tallio,6
CELC_MVLL,Carlitos,Vallejo,6
CELC_MVLL,Carlota,don,6
CELC_MVLL,Cayo Bermúdez,Mayor,6
CELC_MVLL,Cayo Bermúdez,Ministro de Gobierno,6
CELC_MVLL,Cayo Bermúdez,Paqueta,6
CELC_MVLL,Cayo Bermúdez,Rosa,6
CELC_MVLL,Cayo Bermúdez,Túmula,6
CELC_MVLL,Cayo Bermúdez,Zoila,6
CELC_MVLL,China,Santiago Zavala,6
CELC_MVLL,Chispas Zavala,Clodomiro,6
CELC_MVLL,Coronel Lozano,Emilio,6
CELC_MVLL,Coronel Lozano,Prefecto,6
CELC_MVLL,Coronel Lozano,Símula,6
CELC_MVLL,Coronel Lozano,Urondo,6
CELC_MVLL,Emilio,Emilio Arévalo,6
CELC_MVLL,Emilio,Urondo,6
CELC_MVLL,Emilio Arévalo,Hipólito,6
CELC_MVLL,Fermín Zavala,Molina,6
CELC_MVLL,Fermín Zavala,Rosario,6
CELC_MVLL,Fermín Zavala,Serrano,6
CELC_MVLL,Fermín Zavala,Símula,6
CELC_MVLL,Fermín Zavala,Tomasa,6
CELC_MVLL,Fermín Zavala,Trinidad López,6
CELC_MVLL,Fermín Zavala,señora Zoila,6
CELC_MVLL,Ferro,Landa,6
CELC_MVLL,General,Santiago Zavala,6
CELC_MVLL,Gertrudis,Gertrudis Lama,6
CELC_MVLL,Gertrudis,Rosario,6
CELC_MVLL,Gertrudis,don,6
CELC_MVLL,Gertrudis Lama,Santiago Zavala,6
CELC_MVLL,Gertrudis Lama,Trinidad,6
CELC_MVLL,Hilario,doña Lupe,6
CELC_MVLL,Hipólito,Lama,6
CELC_MVLL,Hipólito,Martínez,6
CELC_MVLL,Jacobo,Martínez,6
CELC_MVLL,Lama,Martínez,6
CELC_MVLL,Lama,Téllez,6
CELC_MVLL,Landa,Llerena,6
CELC_MVLL,Llaque,Solórzano,6
CELC_MVLL,Lucy,Queta,6
CELC_MVLL,Ludovico,Tomasa,6
CELC_MVLL,Martínez,Solórzano,6
CELC_MVLL,Martínez,Washington,6
CELC_MVLL,Ministro,Santiago Zavala,6
CELC_MVLL,Molina,Paredes,6
CELC_MVLL,Molina,Presidente,6
CELC_MVLL,Molina,Urondo,6
CELC_MVLL,Norwin,Periquito,6
CELC_MVLL,Odría,Trinidad,6
CELC_MVLL,Odría,Zoila,6
CELC_MVLL,Popeye Arévalo,Urondo,6
CELC_MVLL,Prefecto,Téllez,6
CELC_MVLL,Quetita,Santiago Zavala,6
CELC_MVLL,Santiago Zavala,Trinidad López,6
CELC_MVLL,Santiago Zavala,Zavala,6
CELC_MVLL,Santiago Zavala,señora Zoila,6
CELC_MVLL,Serrano,Trifulcio,6
CELC_MVLL,Solórzano,Teté Zavala,6
CELC_MVLL,Trinidad,Trinidad López,6
CELC_MVLL,Téllez,don,6
CELC_MVLL,Alcibíades,Amalia Landa,5
CELC_MVLL,Alcibíades,Arbeláez,5
CELC_MVLL,Alcibíades,Carlota,5
CELC_MVLL,Alcibíades,Tallio,5
CELC_MVLL,Alcibíades,Zavala,5
CELC_MVLL,Amalia Landa,Ana,5
CELC_MVLL,Amalia Landa,Doña Lupe,5
CELC_MVLL,Amalia Landa,Lucy,5
CELC_MVLL,Amalia Landa,Pantaleón,5
CELC_MVLL,Amalia Landa,Presidente,5
CELC_MVLL,Amalia Landa,Tallio,5
CELC_MVLL,Amalita Hortensia,don,5
CELC_MVLL,Ambrosio Pardo,Batuque,5
CELC_MVLL,Ambrosio Pardo,Cahuide,5
CELC_MVLL,Ambrosio Pardo,Gertrudis Lama,5
CELC_MVLL,Ambrosio Pardo,Mayor,5
CELC_MVLL,Ambrosio Pardo,Ministro de Gobierno,5
CELC_MVLL,Ambrosio Pardo,señora Zoila,5
CELC_MVLL,Ambrosio Pardo,tío Clodomiro,5
CELC_MVLL,Ana,Batuque,5
CELC_MVLL,Arbeláez,Fermín Zavala,5
CELC_MVLL,Arbeláez,General,5
CELC_MVLL,Arbeláez,doctor,5
CELC_MVLL,Arispe,Cayo Bermúdez,5
CELC_MVLL,Arispe,Musa,5
CELC_MVLL,Arispe,Norwin,5
CELC_MVLL,Aída,Cahuide,5
CELC_MVLL,Becerra,Musa,5
CELC_MVLL,Becerra,Periquito,5
CELC_MVLL,Becerrita,Madama,5
CELC_MVLL,Becerrita,Paqueta,5
CELC_MVLL,Buitre,Rosa,5
CELC_MVLL,Buitre,Serrano,5
CELC_MVLL,Bustamante,Cayo Bermúdez,5
CELC_MVLL,Cahuide,Carlitos,5
CELC_MVLL,Cahuide,Jacobo,5
CELC_MVLL,Carlitos,Hortensia,5
CELC_MVLL,Carlitos,Presidente,5
CELC_MVLL,Carlitos,Robertito,5
CELC_MVLL,Carlota,Ivonne,5
CELC_MVLL,Carlota,Odría,5
CELC_MVLL,Carlota,Santiago Zavala,5
CELC_MVLL,Carlota,Zoila,5
CELC_MVLL,Cary,Fermín Zavala,5
CELC_MVLL,Cayo Bermúdez,Clodomiro,5
CELC_MVLL,Cayo Bermúdez,Ferrito,5
CELC_MVLL,Cayo Bermúdez,Ruperto,5
CELC_MVLL,Clodomiro,Popeye Arévalo,5
CELC_MVLL,Clodomiro,Teté Zavala,5
CELC_MVLL,Clodomiro,tío,5
CELC_MVLL,Clodomiro,tío Clodomiro,5
CELC_MVLL,Coronel Lozano,Ivonne,5
CELC_MVLL,Coronel Lozano,Llerena,5
CELC_MVLL,Coronel Lozano,Ministro,5
CELC_MVLL,Coronel Lozano,doctor,5
CELC_MVLL,Don,Hortensia,5
CELC_MVLL,Don,Ludovico,5
CELC_MVLL,Don,Queta,5
CELC_MVLL,Don Hilario,Hilario,5
CELC_MVLL,Don Hilario,don,5
CELC_MVLL,Don Hilario,don Hilario,5
CELC_MVLL,Doña Lupe,doña Lupe,5
CELC_MVLL,Emilio,General,5
CELC_MVLL,Emilio,Santiago Zavala,5
CELC_MVLL,Emilio Arévalo,General,5
CELC_MVLL,Espina,Llerena,5
CELC_MVLL,Espina,Ministro,5
CELC_MVLL,Fermín Zavala,Ferro,5
CELC_MVLL,Fermín Zavala,Gertrudis Lama,5
CELC_MVLL,Fermín Zavala,Ivonne,5
CELC_MVLL,Fermín Zavala,Martínez,5
CELC_MVLL,Fermín Zavala,Ministro,5
CELC_MVLL,Fermín Zavala,Musa,5
CELC_MVLL,Ferro,Presidente,5
CELC_MVLL,Ferro,don,5
CELC_MVLL,General,Odría,5
CELC_MVLL,General,Serrano,5
CELC_MVLL,General,Téllez,5
CELC_MVLL,General,Urondo,5
CELC_MVLL,Hilario,Pantaleón,5
CELC_MVLL,Hilario,Santiago Zavala,5
CELC_MVLL,Hipólito,Ministro,5
CELC_MVLL,Hipólito,Queta,5
CELC_MVLL,Hipólito,Tomasa,5
CELC_MVLL,Hortensia,Robertito,5
CELC_MVLL,Hortensia,Trinidad,5
CELC_MVLL,Hortensia,Zavala,5
CELC_MVLL,Ivonne,Malvina,5
CELC_MVLL,Ivonne,Musa,5
CELC_MVLL,Ivonne,Paqueta,5
CELC_MVLL,Jacobo,don,5
CELC_MVLL,Lama,Odría,5
CELC_MVLL,Lama,Popeye Arévalo,5
CELC_MVLL,Lama,Prefecto,5
CELC_MVLL,Lama,Ruperto,5
CELC_MVLL,Lama,Urondo,5
CELC_MVLL,Landa,Téllez,5
CELC_MVLL,Llaque,Martínez,5
CELC_MVLL,Ludovico,Ministro,5
CELC_MVLL,Ludovico,Ruperto,5
CELC_MVLL,Ludovico,Trinidad,5
CELC_MVLL,Ludovico,Zavala,5
CELC_MVLL,Lupe,doña Lupe,5
CELC_MVLL,Madama,Musa,5
CELC_MVLL,Madama,Periquito,5
CELC_MVLL,Madama,Santiago Zavala,5
CELC_MVLL,Malvina,Quetita,5
CELC_MVLL,Martínez,Popeye Arévalo,5
CELC_MVLL,Martínez,Ruperto,5
CELC_MVLL,Milton,Norwin,5
CELC_MVLL,Milton,Santiago Zavala,5
CELC_MVLL,Molina,Ruperto,5
CELC_MVLL,Musa,Paqueta,5
CELC_MVLL,Norwin,Solórzano,5
CELC_MVLL,Odría,Serrano,5
CELC_MVLL,Pantaleón,doña Lupe,5
CELC_MVLL,Paqueta,Queta,5
CELC_MVLL,Paqueta,Santiago Zavala,5
CELC_MVLL,Periquito,Robertito,5
CELC_MVLL,Presidente,doctor,5
CELC_MVLL,Queta,Zoila,5
CELC_MVLL,Quetita,Símula,5
CELC_MVLL,Rosa,Túmula,5
CELC_MVLL,Ruperto,Trifulcio,5
CELC_MVLL,Ruperto,Téllez,5
CELC_MVLL,Santiago Zavala,Serrano,5
CELC_MVLL,Santiago Zavala,tío,5
CELC_MVLL,Teté Zavala,señora Zoila,5
CELC_MVLL,Zavala,don,5
CELC_MVLL,don,doña Lupe,5
CELC_MVLL,Ada Rosa,Carlitos,4
CELC_MVLL,Ada Rosa,China,4
CELC_MVLL,Ada Rosa,Norwin,4
CELC_MVLL,Ada Rosa,Santiago Zavala,4
CELC_MVLL,Alcibíades,Carlitos,4
CELC_MVLL,Alcibíades,General,4
CELC_MVLL,Alcibíades,Hortensia,4
CELC_MVLL,Alcibíades,Landa,4
CELC_MVLL,Alcibíades,doctor,4
CELC_MVLL,Alcibíades,don,4
CELC_MVLL,Amalia Landa,Carrillo,4
CELC_MVLL,Amalia Landa,Espina,4
CELC_MVLL,Amalia Landa,General,4
CELC_MVLL,Amalita Hortensia,Pantaleón,4
CELC_MVLL,Ambrosio Pardo,Arbeláez,4
CELC_MVLL,Ambrosio Pardo,Ave,4
CELC_MVLL,Ambrosio Pardo,Bustamante,4
CELC_MVLL,Ambrosio Pardo,China,4
CELC_MVLL,Ambrosio Pardo,Chincha,4
CELC_MVLL,Ambrosio Pardo,Ferro,4
CELC_MVLL,Ambrosio Pardo,Haya de la Torre,4
CELC_MVLL,Ambrosio Pardo,Llaque,4
CELC_MVLL,Ambrosio Pardo,Lucy,4
CELC_MVLL,Ambrosio Pardo,Ludovico Pantoja,4
CELC_MVLL,Ambrosio Pardo,Malvina,4
CELC_MVLL,Ambrosio Pardo,Montagne,4
CELC_MVLL,Ambrosio Pardo,Pancras,4
CELC_MVLL,Ambrosio Pardo,Paqueta,4
CELC_MVLL,Ambrosio Pardo,doctor,4
CELC_MVLL,Ana,Queta,4
CELC_MVLL,Ana,don,4
CELC_MVLL,Anita,Carlitos,4
CELC_MVLL,Arbeláez,Ferro,4
CELC_MVLL,Arbeláez,Llerena,4
CELC_MVLL,Arbeláez,Zavala,4
CELC_MVLL,Arbeláez,don,4
CELC_MVLL,Arispe,Queta,4
CELC_MVLL,Ave,Aída,4
CELC_MVLL,Ave,Jacobo,4
CELC_MVLL,Ave,Washington,4
CELC_MVLL,Aída,Cayo Bermúdez,4
CELC_MVLL,Aída,Politzer,4
CELC_MVLL,Becerra,Carlitos,4
CELC_MVLL,Becerra,Paqueta,4
CELC_MVLL,Becerrita,Robertito,4
CELC_MVLL,Becerrita,Teté Zavala,4
CELC_MVLL,Buitre,Teniente,4
CELC_MVLL,Bustamante,Santiago Zavala,4
CELC_MVLL,Cahuide,Fermín Zavala,4
CELC_MVLL,Cahuide,Teté Zavala,4
CELC_MVLL,Cahuide,don,4
CELC_MVLL,Calancha,Cayo Bermúdez,4
CELC_MVLL,Calancha,Coronel Lozano,4
CELC_MVLL,Calancha,Ludovico,4
CELC_MVLL,Calancha,Odría,4
CELC_MVLL,Carlitos,Don,4
CELC_MVLL,Carlitos,Espina,4
CELC_MVLL,Carlitos,Hernández,4
CELC_MVLL,Carlitos,Madama,4
CELC_MVLL,Carlitos,Martínez,4
CELC_MVLL,Carlitos,Milton,4
CELC_MVLL,Carlitos,Paqueta,4
CELC_MVLL,Carlota,Lucas,4
CELC_MVLL,Carlota,Teté Zavala,4
CELC_MVLL,Carmincha,Cayo Bermúdez,4
CELC_MVLL,Carmincha,Ludovico,4
CELC_MVLL,Carrillo,Fermín Zavala,4
CELC_MVLL,Cary,Zoila,4
CELC_MVLL,Cary,don,4
CELC_MVLL,Cayo Bermúdez,Chamorro,4
CELC_MVLL,Cayo Bermúdez,Chincha,4
CELC_MVLL,Cayo Bermúdez,Chino Molina,4
CELC_MVLL,Cayo Bermúdez,Darío,4
CELC_MVLL,Cayo Bermúdez,Lora,4
CELC_MVLL,Cayo Bermúdez,Lucy,4
CELC_MVLL,Cayo Bermúdez,Lucía,4
CELC_MVLL,Cayo Bermúdez,Ludovico Pantoja,4
CELC_MVLL,Cayo Bermúdez,Madama,4
CELC_MVLL,Cayo Bermúdez,Malvina,4
CELC_MVLL,Cayo Bermúdez,Ministro de Guerra,4
CELC_MVLL,Cayo Bermúdez,Tijero,4
CELC_MVLL,Chamorro,General,4
CELC_MVLL,Chamorro,Llerena,4
CELC_MVLL,Chamorro,Presidente,4
CELC_MVLL,China,Norwin,4
CELC_MVLL,Chino Molina,Ludovico,4
CELC_MVLL,Chino Molina,Martínez,4
CELC_MVLL,Chino Molina,Molina,4
CELC_MVLL,Chino Molina,Trifulcio,4
CELC_MVLL,Chino Molina,Téllez,4
CELC_MVLL,Chispas Zavala,Espina,4
CELC_MVLL,Chispas Zavala,Solórzano,4
CELC_MVLL,Chispas Zavala,Trinidad,4
CELC_MVLL,Chispas Zavala,señora Zoila,4
CELC_MVLL,Chispas Zavala,tío,4
CELC_MVLL,Clodomiro,Espina,4
CELC_MVLL,Clodomiro,Inocencia,4
CELC_MVLL,Clodomiro,don,4
CELC_MVLL,Coronel Lozano,Emilio Arévalo,4
CELC_MVLL,Coronel Lozano,Ferro,4
CELC_MVLL,Coronel Lozano,Lama,4
CELC_MVLL,Coronel Lozano,Lora,4
CELC_MVLL,Coronel Lozano,Martínez,4
CELC_MVLL,Coronel Lozano,Mayor,4
CELC_MVLL,Darío,Norwin,4
CELC_MVLL,Director,Santiago Zavala,4
CELC_MVLL,Don,Don Hilario,4
CELC_MVLL,Don,Hilario,4
CELC_MVLL,Don,Presidente,4
CELC_MVLL,Don,don Hilario,4
CELC_MVLL,Embajador,Landa,4
CELC_MVLL,Emilio,Martínez,4
CELC_MVLL,Emilio,Montagne,4
CELC_MVLL,Emilio Arévalo,Landa,4
CELC_MVLL,Emilio Arévalo,Odría,4
CELC_MVLL,Emilio Arévalo,Presidente,4
CELC_MVLL,Emilio Arévalo,Téllez,4
CELC_MVLL,Espina,Símula,4
CELC_MVLL,Espina,Tijero,4
CELC_MVLL,Espina,Tomasa,4
CELC_MVLL,Fermín Zavala,Hilario,4
CELC_MVLL,Fermín Zavala,Inocencia,4
CELC_MVLL,Fermín Zavala,Llerena,4
CELC_MVLL,Fermín Zavala,Montagne,4
CELC_MVLL,Fermín Zavala,Prefecto,4
CELC_MVLL,Fermín Zavala,Quetita,4
CELC_MVLL,Fermín Zavala,Robertito,4
CELC_MVLL,Fermín Zavala,Zoilita,4
CELC_MVLL,Ferrito,Ferro,4
CELC_MVLL,Ferrito,Ludovico,4
CELC_MVLL,Ferro,General,4
CELC_MVLL,Ferro,Hipólito,4
CELC_MVLL,Ferro,Zavala,4
CELC_MVLL,General,Zavala,4
CELC_MVLL,Gertrudis,Hortensia,4
CELC_MVLL,Gertrudis,Queta,4
CELC_MVLL,Gertrudis,Teté Zavala,4
CELC_MVLL,Gertrudis,Trinidad López,4
CELC_MVLL,Gertrudis Lama,don,4
CELC_MVLL,Haya de la Torre,Santiago Zavala,4
CELC_MVLL,Heredia,Hortensia,4
CELC_MVLL,Heredia,Queta,4
CELC_MVLL,Hernández,Santiago Zavala,4
CELC_MVLL,Hilario,Lupe,4
CELC_MVLL,Hipólito,Hortensia,4
CELC_MVLL,Hipólito,Llerena,4
CELC_MVLL,Hipólito,Montagne,4
CELC_MVLL,Hipólito,Serrano,4
CELC_MVLL,Hipólito,Trinidad López,4
CELC_MVLL,Hipólito,Zavala,4
CELC_MVLL,Hortensia,Lucas,4
CELC_MVLL,Hortensia,Lucy,4
CELC_MVLL,Hortensia,Rosario,4
CELC_MVLL,Hortensia,Teté Zavala,4
CELC_MVLL,Hortensia,Zoila,4
CELC_MVLL,Héctor,Odría,4
CELC_MVLL,Héctor,Teté Zavala,4
CELC_MVLL,Ivonne,Madama,4
CELC_MVLL,Ivonne,Símula,4
CELC_MVLL,Jacobo,Politzer,4
CELC_MVLL,Lama,Presidente,4
CELC_MVLL,Landa,Molina,4
CELC_MVLL,Landa,Montagne,4
CELC_MVLL,Landa,Prefecto,4
CELC_MVLL,Landa,Serrano,4
CELC_MVLL,Landa,Urondo,4
CELC_MVLL,Llerena,Ludovico,4
CELC_MVLL,Llerena,Zavala,4
CELC_MVLL,Lora,Presidente,4
CELC_MVLL,Lucas,Quetita,4
CELC_MVLL,Lucy,Ludovico,4
CELC_MVLL,Ludovico,Ludovico Pantoja,4
CELC_MVLL,Ludovico,Montagne,4
CELC_MVLL,Ludovico,Musa,4
CELC_MVLL,Ludovico,Quetita,4
CELC_MVLL,Ludovico,Serrano,4
CELC_MVLL,Ludovico,Trinidad López,4
CELC_MVLL,Ludovico,doctor,4
CELC_MVLL,Lupe,don Hilario,4
CELC_MVLL,Madama,Queta,4
CELC_MVLL,Martha,Queta,4
CELC_MVLL,Martha,Robertito,4
CELC_MVLL,Martínez,Prefecto,4
CELC_MVLL,Mayor,Paredes,4
CELC_MVLL,Mayor,Presidente,4
CELC_MVLL,Ministro,Popeye Arévalo,4
CELC_MVLL,Ministro,Prefecto,4
CELC_MVLL,Ministro,Tallio,4
CELC_MVLL,Ministro,Trifulcio,4
CELC_MVLL,Ministro,don,4
CELC_MVLL,Molina,Odría,4
CELC_MVLL,Molina,Tomasa,4
CELC_MVLL,Montagne,Odría,4
CELC_MVLL,Montagne,Popeye Arévalo,4
CELC_MVLL,Montagne,Santiago Zavala,4
CELC_MVLL,Montagne,Trifulcio,4
CELC_MVLL,Montagne,don,4
CELC_MVLL,Musa,Robertito,4
CELC_MVLL,Musa,don,4
CELC_MVLL,Odría,Prefecto,4
CELC_MVLL,Odría,Solórzano,4
CELC_MVLL,Odría,Símula,4
CELC_MVLL,Odría,Trinidad López,4
CELC_MVLL,Odría,Washington,4
CELC_MVLL,Pantaleón,don,4
CELC_MVLL,Pantaleón,don Hilario,4
CELC_MVLL,Paqueta,Periquito,4
CELC_MVLL,Paredes,Santiago Zavala,4
CELC_MVLL,Paredes,Tijero,4
CELC_MVLL,Paredes,don,4
CELC_MVLL,Politzer,Santiago Zavala,4
CELC_MVLL,Popeye Arévalo,Queta,4
CELC_MVLL,Popeye Arévalo,tío Clodomiro,4
CELC_MVLL,Prefecto,Urondo,4
CELC_MVLL,Presidente,Tijero,4
CELC_MVLL,Presidente,Téllez,4
CELC_MVLL,Rosa,Serrano,4
CELC_MVLL,Ruperto,Urondo,4
CELC_MVLL,Santiago Zavala,Símula,4
CELC_MVLL,Santiago Zavala,Teniente,4
CELC_MVLL,Santiago Zavala,Zoilita,4
CELC_MVLL,Santiago Zavala,don Hilario,4
CELC_MVLL,Serrano,Teniente,4
CELC_MVLL,Serrano,Túmula,4
CELC_MVLL,Símula,Teté Zavala,4
CELC_MVLL,Símula,Trinidad,4
CELC_MVLL,Símula,don,4
CELC_MVLL,Teté Zavala,Trinidad,4
CELC_MVLL,Teté Zavala,tío,4
CELC_MVLL,Teté Zavala,tío Clodomiro,4
CELC_MVLL,Trifulcio,Trinidad López,4
CELC_MVLL,Trinidad,Zoila,4
CELC_MVLL,Zoila,tío Clodomiro,4
CELC_MVLL,Ada Rosa,Ambrosio Pardo,3
CELC_MVLL,Ada Rosa,Periquito,3
CELC_MVLL,Alcibíades,Ferro,3
CELC_MVLL,Alcibíades,Lora,3
CELC_MVLL,Alcibíades,Mayor,3
CELC_MVLL,Alcibíades,Molina,3
CELC_MVLL,Alcibíades,Popeye Arévalo,3
CELC_MVLL,Alcibíades,Serrano,3
CELC_MVLL,Alcibíades,Símula,3
CELC_MVLL,Amalia Landa,Anduvia,3
CELC_MVLL,Amalia Landa,Arbeláez,3
CELC_MVLL,Amalia Landa,Atanasio,3
CELC_MVLL,Amalia Landa,Landa,3
CELC_MVLL,Amalia Landa,Leoncio Paniagua,3
CELC_MVLL,Amalia Landa,Lucía,3
CELC_MVLL,Amalia Landa,María,3
CELC_MVLL,Amalia Landa,Mayor,3
CELC_MVLL,Amalia Landa,Norwin,3
CELC_MVLL,Amalia Landa,Paredes,3
CELC_MVLL,Amalia Landa,Pedro Flores,3
CELC_MVLL,Amalia Landa,Víctor Raúl,3
CELC_MVLL,Amalia Landa,Zavala,3
CELC_MVLL,Amalia Landa,don Atanasio,3
CELC_MVLL,Amalia Landa,señora Rosario,3
CELC_MVLL,Amalita Hortensia,Ana,3
CELC_MVLL,Amalita Hortensia,Carlitos,3
CELC_MVLL,Amalita Hortensia,Leoncio Paniagua,3
CELC_MVLL,Ambrosio Pardo,Anduvia,3
CELC_MVLL,Ambrosio Pardo,Becerra,3
CELC_MVLL,Ambrosio Pardo,Calancha,3
CELC_MVLL,Ambrosio Pardo,Chino Molina,3
CELC_MVLL,Ambrosio Pardo,Comandante,3
CELC_MVLL,Ambrosio Pardo,Heredia,3
CELC_MVLL,Ambrosio Pardo,Hilario Morales,3
CELC_MVLL,Ambrosio Pardo,Leoncio Paniagua,3
CELC_MVLL,Ambrosio Pardo,María,3
CELC_MVLL,Ambrosio Pardo,Melquíades,3
CELC_MVLL,Ambrosio Pardo,Ministro de Guerra,3
CELC_MVLL,Ambrosio Pardo,Perpetuo,3
CELC_MVLL,Ambrosio Pardo,Politzer,3
CELC_MVLL,Ambrosio Pardo,Prado,3
CELC_MVLL,Ambrosio Pardo,Ruperto,3
CELC_MVLL,Ambrosio Pardo,don Emilio Arévalo,3
CELC_MVLL,Ambrosio Pardo,doña Catalina,3
CELC_MVLL,Ambrosio Pardo,tío,3
CELC_MVLL,Ana,Fermín Zavala,3
CELC_MVLL,Ana,Hilario,3
CELC_MVLL,Ana,Lucía,3
CELC_MVLL,Ana,Milton,3
CELC_MVLL,Ana,Quetita,3
CELC_MVLL,Ana,Solórzano,3
CELC_MVLL,Ana,Zoila,3
CELC_MVLL,Anduvia,María,3
CELC_MVLL,Anduvia,Rosario,3
CELC_MVLL,Arbeláez,Hortensia,3
CELC_MVLL,Arbeláez,Lora,3
CELC_MVLL,Arbeláez,Mayor,3
CELC_MVLL,Arbeláez,Odría,3
CELC_MVLL,Arbeláez,Tijero,3
CELC_MVLL,Arispe,Becerra,3
CELC_MVLL,Arispe,Fermín Zavala,3
CELC_MVLL,Arispe,Ivonne,3
CELC_MVLL,Arispe,Paqueta,3
CELC_MVLL,Arispe,Robertito,3
CELC_MVLL,Arispe,Solórzano,3
CELC_MVLL,Atanasio,Fermín Zavala,3
CELC_MVLL,Atanasio,Gertrudis,3
CELC_MVLL,Atanasio,Santiago Zavala,3
CELC_MVLL,Atanasio,Trinidad,3
CELC_MVLL,Ave,Héctor,3
CELC_MVLL,Ave,Martínez,3
CELC_MVLL,Ave,Santiago Zavala,3
CELC_MVLL,Ave,Solórzano,3
CELC_MVLL,Aída,Mariátegui,3
CELC_MVLL,Aída,Marx,3
CELC_MVLL,Aída,Matías,3
CELC_MVLL,Aída,Popeye Arévalo,3
CELC_MVLL,Batuque,Carlitos,3
CELC_MVLL,Batuquito,Santiago Zavala,3
CELC_MVLL,Becerra,Darío,3
CELC_MVLL,Becerra,Ivonne,3
CELC_MVLL,Becerra,Madama,3
CELC_MVLL,Becerrita,Chispas Zavala,3
CELC_MVLL,Becerrita,Hernández,3
CELC_MVLL,Becerrita,Hortensia,3
CELC_MVLL,Becerrita,Milton,3
CELC_MVLL,Belaúnde,Popeye Arévalo,3
CELC_MVLL,Belaúnde,Santiago Zavala,3
CELC_MVLL,Belaúnde,Teté Zavala,3
CELC_MVLL,Buitre,Espina,3
CELC_MVLL,Buitre,Santiago Zavala,3
CELC_MVLL,Buitre,don,3
CELC_MVLL,Buitre,doña Catalina,3
CELC_MVLL,Bustamante,Popeye Arévalo,3
CELC_MVLL,Bustamante,Serrano,3
CELC_MVLL,Cahuide,Cayo Bermúdez,3
CELC_MVLL,Cahuide,Chispas Zavala,3
CELC_MVLL,Cahuide,Washington,3
CELC_MVLL,Cahuide,Zoila,3
CELC_MVLL,Calancha,Hipólito,3
CELC_MVLL,Carlitos,Clodomiro,3
CELC_MVLL,Carlitos,Lucía,3
CELC_MVLL,Carlitos,Matías,3
CELC_MVLL,Carlitos,Ministro,3
CELC_MVLL,Carlitos,Santos Vivero,3
CELC_MVLL,Carlitos,don Hilario,3
CELC_MVLL,Carlota,Don,3
CELC_MVLL,Carlota,Espina,3
CELC_MVLL,Carlota,Lucy,3
CELC_MVLL,Carlota,Presidente,3
CELC_MVLL,Carlota,Rosario,3
CELC_MVLL,Carlota,Tallio,3
CELC_MVLL,Carlota,Trinidad,3
CELC_MVLL,Carmincha,Hortensia,3
CELC_MVLL,Carmincha,Lucy,3
CELC_MVLL,Carmincha,Queta,3
CELC_MVLL,Carrillo,Santiago Zavala,3
CELC_MVLL,Carrillo,Trinidad,3
CELC_MVLL,Carrillo,don,3
CELC_MVLL,Cary,Queta,3
CELC_MVLL,Cayo Bermúdez,Comandante,3
CELC_MVLL,Cayo Bermúdez,Embajador,3
CELC_MVLL,Cayo Bermúdez,General Odría,3
CELC_MVLL,Cayo Bermúdez,Heredia,3
CELC_MVLL,Cayo Bermúdez,Jacobo,3
CELC_MVLL,Cayo Bermúdez,Lucas,3
CELC_MVLL,Cayo Bermúdez,Maclovia,3
CELC_MVLL,Cayo Bermúdez,Martha,3
CELC_MVLL,Cayo Bermúdez,Melquíades,3
CELC_MVLL,Cayo Bermúdez,Montagne,3
CELC_MVLL,Cayo Bermúdez,Norwin,3
CELC_MVLL,Cayo Bermúdez,Prado,3
CELC_MVLL,Cayo Bermúdez,Solórzano,3
CELC_MVLL,Cayo Bermúdez,Trinidad,3
CELC_MVLL,Cayo Bermúdez,Trinidad López,3
CELC_MVLL,Cayo Bermúdez,Vallejo,3
CELC_MVLL,Cayo Bermúdez,Velarde,3
CELC_MVLL,Cayo Bermúdez,Washington,3
CELC_MVLL,Cayo Bermúdez,doña Catalina,3
CELC_MVLL,Chamorro,Espina,3
CELC_MVLL,Chamorro,Paredes,3
CELC_MVLL,China,Periquito,3
CELC_MVLL,Chino Molina,Hipólito,3
CELC_MVLL,Chino Molina,Lama,3
CELC_MVLL,Chispas Zavala,Gertrudis,3
CELC_MVLL,Chispas Zavala,Héctor,3
CELC_MVLL,Chispas Zavala,Lucía,3
CELC_MVLL,Chispas Zavala,Musa,3
CELC_MVLL,Chispas Zavala,Periquito,3
CELC_MVLL,Chispas Zavala,Zavala,3
CELC_MVLL,Chispas Zavala,tío Clodomiro,3
CELC_MVLL,Clodomiro,Vallejo,3
CELC_MVLL,Clodomiro,Zoila,3
CELC_MVLL,Comandante,Presidente,3
CELC_MVLL,Coronel Lozano,Don,3
CELC_MVLL,Coronel Lozano,Lucy,3
CELC_MVLL,Coronel Lozano,Santiago Zavala,3
CELC_MVLL,Coronel Lozano,Serrano,3
CELC_MVLL,Coronel Lozano,Tomasa,3
CELC_MVLL,Coronel Lozano,Trinidad López,3
CELC_MVLL,Coronel Lozano,Velarde,3
CELC_MVLL,Darío,Musa,3
CELC_MVLL,Don,Hipólito,3
CELC_MVLL,Don,Popeye Arévalo,3
CELC_MVLL,Don,Serrano,3
CELC_MVLL,Don Hilario,Pantaleón,3
CELC_MVLL,Don Hilario,Santiago Zavala,3
CELC_MVLL,Don Hilario,doña Lupe,3
CELC_MVLL,Doña Lupe,Lupe,3
CELC_MVLL,Doña Lupe,don Hilario,3
CELC_MVLL,Emilio,Espina,3
CELC_MVLL,Emilio,Trinidad,3
CELC_MVLL,Emilio Arévalo,Ferro,3
CELC_MVLL,Emilio Arévalo,Lama,3
CELC_MVLL,Emilio Arévalo,Molina,3
CELC_MVLL,Emilio Arévalo,Santiago Zavala,3
CELC_MVLL,Emilio Arévalo,Serrano,3
CELC_MVLL,Emilio Arévalo,Trinidad,3
CELC_MVLL,Espina,Hortensia,3
CELC_MVLL,Espina,Mayor,3
CELC_MVLL,Espina,Melquíades,3
CELC_MVLL,Espina,Rosa,3
CELC_MVLL,Espina,Teniente,3
CELC_MVLL,Espina,Teté Zavala,3
CELC_MVLL,Espina,Túmula,3
CELC_MVLL,Espina,Vallejo,3
CELC_MVLL,Fermín Zavala,Héctor,3
CELC_MVLL,Fermín Zavala,Lama,3
CELC_MVLL,Fermín Zavala,Llaque,3
CELC_MVLL,Fermín Zavala,Norwin,3
CELC_MVLL,Fermín Zavala,Pedro Flores,3
CELC_MVLL,Fermín Zavala,Periquito,3
CELC_MVLL,Fermín Zavala,Prado,3
CELC_MVLL,Fermín Zavala,Solórzano,3
CELC_MVLL,Fermín Zavala,Tijero,3
CELC_MVLL,Fermín Zavala,Washington,3
CELC_MVLL,Fermín Zavala,doctor,3
CELC_MVLL,Fermín Zavala,don Emilio Arévalo,3
CELC_MVLL,Fermín Zavala,señora Rosario,3
CELC_MVLL,Ferro,Hortensia,3
CELC_MVLL,Ferro,Serrano,3
CELC_MVLL,Ferro,Trifulcio,3
CELC_MVLL,General,Montagne,3
CELC_MVLL,General,Queta,3
CELC_MVLL,General,Trinidad,3
CELC_MVLL,Gertrudis,señora Rosario,3
CELC_MVLL,Gertrudis Lama,Rosario,3
CELC_MVLL,Gertrudis Lama,Teté Zavala,3
CELC_MVLL,Haya de la Torre,Trinidad,3
CELC_MVLL,Heredia,Presidente,3
CELC_MVLL,Heredia,Quetita,3
CELC_MVLL,Hilario,Ludovico,3
CELC_MVLL,Hipólito,Ludovico Pantoja,3
CELC_MVLL,Hipólito,Mayor,3
CELC_MVLL,Hipólito,Ruperto,3
CELC_MVLL,Hipólito,Trinidad,3
CELC_MVLL,Hipólito,doctor,3
CELC_MVLL,Hortensia,Lora,3
CELC_MVLL,Hortensia,Maclovia,3
CELC_MVLL,Hortensia,Musa,3
CELC_MVLL,Hortensia,Paqueta,3
CELC_MVLL,Hortensia,Paredes,3
CELC_MVLL,Hortensia,Tallio,3
CELC_MVLL,Huxley,Santiago Zavala,3
CELC_MVLL,Héctor,Politzer,3
CELC_MVLL,Héctor,Zoila,3
CELC_MVLL,Héctor,don,3
CELC_MVLL,Inocencia,Santiago Zavala,3
CELC_MVLL,Inocencia,tío Clodomiro,3
CELC_MVLL,Ivonne,Landa,3
CELC_MVLL,Ivonne,Martha,3
CELC_MVLL,Ivonne,Odría,3
CELC_MVLL,Ivonne,Presidente,3
CELC_MVLL,Ivonne,don,3
CELC_MVLL,Jacobo,Marx,3
CELC_MVLL,Jacobo,Popeye Arévalo,3
CELC_MVLL,Landa,Lora,3
CELC_MVLL,Landa,Palacio,3
CELC_MVLL,Landa,Tijero,3
CELC_MVLL,Landa,Trinidad,3
CELC_MVLL,Landa,Velarde,3
CELC_MVLL,Landa,doctor,3
CELC_MVLL,Leoncio Paniagua,don Hilario,3
CELC_MVLL,Leoncio Paniagua,doña Lupe,3
CELC_MVLL,Llaque,Teté Zavala,3
CELC_MVLL,Llerena,Molina,3
CELC_MVLL,Llerena,Prefecto,3
CELC_MVLL,Llerena,Serrano,3
CELC_MVLL,Llerena,Tijero,3
CELC_MVLL,Lora,Paredes,3
CELC_MVLL,Lora,Zavala,3
CELC_MVLL,Lucas,Símula,3
CELC_MVLL,Lucy,Símula,3
CELC_MVLL,Lucía,Teté Zavala,3
CELC_MVLL,Lucía,don,3
CELC_MVLL,Ludovico,Mayor,3
CELC_MVLL,Ludovico,Ministro de Guerra,3
CELC_MVLL,Ludovico Pantoja,Molina,3
CELC_MVLL,Ludovico Pantoja,Popeye Arévalo,3
CELC_MVLL,Ludovico Pantoja,Prefecto,3
CELC_MVLL,Ludovico Pantoja,Trifulcio,3
CELC_MVLL,Ludovico Pantoja,Téllez,3
CELC_MVLL,Lupe,don,3
CELC_MVLL,Maclovia,Presidente,3
CELC_MVLL,Madama,Paqueta,3
CELC_MVLL,Madama,Robertito,3
CELC_MVLL,Malvina,Santiago Zavala,3
CELC_MVLL,Mariátegui,Santiago Zavala,3
CELC_MVLL,Martínez,Teté Zavala,3
CELC_MVLL,Martínez,don,3
CELC_MVLL,Marx,Politzer,3
CELC_MVLL,Marx,Santiago Zavala,3
CELC_MVLL,María,Rosario,3
CELC_MVLL,Matías,Santiago Zavala,3
CELC_MVLL,Mayor,don,3
CELC_MVLL,Melquíades,Trifulcio,3
CELC_MVLL,Melquíades,don,3
CELC_MVLL,Milton,Solórzano,3
CELC_MVLL,Ministro,Molina,3
CELC_MVLL,Ministro,Odría,3
CELC_MVLL,Ministro,Paredes,3
CELC_MVLL,Ministro,Serrano,3
CELC_MVLL,Ministro,Téllez,3
CELC_MVLL,Ministro de Gobierno,Molina,3
CELC_MVLL,Ministro de Gobierno,Prefecto,3
CELC_MVLL,Ministro de Gobierno,Trifulcio,3
CELC_MVLL,Ministro de Guerra,Presidente,3
CELC_MVLL,Musa,Norwin,3
CELC_MVLL,Musa,Trifulcio,3
CELC_MVLL,Odría,Paredes,3
CELC_MVLL,Pancras,Santiago Zavala,3
CELC_MVLL,Paredes,Popeye Arévalo,3
CELC_MVLL,Paredes,Queta,3
CELC_MVLL,Paredes,Tomasa,3
CELC_MVLL,Paredes,Trifulcio,3
CELC_MVLL,Paredes,doctor,3
CELC_MVLL,Pedro Flores,Rosario,3
CELC_MVLL,Pedro Flores,Trinidad,3
CELC_MVLL,Periquito,Solórzano,3
CELC_MVLL,Periquito,Teté Zavala,3
CELC_MVLL,Perpetuo,Trifulcio,3
CELC_MVLL,Politzer,Washington,3
CELC_MVLL,Popeye Arévalo,Ruperto,3
CELC_MVLL,Popeye Arévalo,Serrano,3
CELC_MVLL,Popeye Arévalo,Trinidad,3
CELC_MVLL,Popeye Arévalo,Zavala,3
CELC_MVLL,Popeye Arévalo,don Emilio Arévalo,3
CELC_MVLL,Popeye Arévalo,tío,3
CELC_MVLL,Prado,Santiago Zavala,3
CELC_MVLL,Prefecto,Ruperto,3
CELC_MVLL,Presidente,Quetita,3
CELC_MVLL,Presidente,Trinidad,3
CELC_MVLL,Presidente,Urondo,3
CELC_MVLL,Presidente,Velarde,3
CELC_MVLL,Queta,Tallio,3
CELC_MVLL,Queta,Zavala,3
CELC_MVLL,Quetita,Teté Zavala,3
CELC_MVLL,Rosa,Santiago Zavala,3
CELC_MVLL,Rosa,Teniente,3
CELC_MVLL,Rosario,Santiago Zavala,3
CELC_MVLL,Rosario,Símula,3
CELC_MVLL,Rosario,Trinidad López,3
CELC_MVLL,Rosario,don,3
CELC_MVLL,Rosario,don Atanasio,3
CELC_MVLL,Santiago Zavala,Santos Vivero,3
CELC_MVLL,Santiago Zavala,Urondo,3
CELC_MVLL,Santiago Zavala,doña Lucía,3
CELC_MVLL,Santiago Zavala,señora,3
CELC_MVLL,Serrano,Zavala,3
CELC_MVLL,Solórzano,don,3
CELC_MVLL,Teniente,Túmula,3
CELC_MVLL,Tijero,don,3
CELC_MVLL,Tomasa,don,3
CELC_MVLL,Trifulcio,Trinidad,3
CELC_MVLL,Trinidad,Víctor Raúl,3
CELC_MVLL,Trinidad,don Atanasio,3
CELC_MVLL,Trinidad,señora Rosario,3
CELC_MVLL,Trinidad López,don,3
CELC_MVLL,Washington,Zoila,3
CELC_MVLL,Washington,don,3
CELC_MVLL,Zoilita,tío Clodomiro,3
CELC_MVLL,doctor,don,3
CELC_MVLL,don,señora Zoila,3
CELC_MVLL,don,tío Clodomiro,3
CELC_MVLL,tío,tío Clodomiro,3
CELC_MVLL,Ada Rosa,Arispe,2
CELC_MVLL,Ada Rosa,Becerrita,2
CELC_MVLL,Ada Rosa,Darío,2
CELC_MVLL,Ada Rosa,Pedrito Aguirre,2
CELC_MVLL,Ada Rosa,Solórzano,2
CELC_MVLL,Alandro Pozo,Amalia Landa,2
CELC_MVLL,Alandro Pozo,Amalita Hortensia,2
CELC_MVLL,Alandro Pozo,Ambrosio Pardo,2
CELC_MVLL,Alandro Pozo,Hilario,2
CELC_MVLL,Alcibíades,Don,2
CELC_MVLL,Alcibíades,Emilio Arévalo,2
CELC_MVLL,Alcibíades,Llerena,2
CELC_MVLL,Alcibíades,Prefecto,2
CELC_MVLL,Alcibíades,Trifulcio,2
CELC_MVLL,Alcibíades,Téllez,2
CELC_MVLL,Alcibíades,Vallejo,2
CELC_MVLL,Alvarado,Cayo Bermúdez,2
CELC_MVLL,Alvarado,Llerena,2
CELC_MVLL,Alvarado,Ludovico,2
CELC_MVLL,Alvarado,Molina,2
CELC_MVLL,Alvarado,Prefecto,2
CELC_MVLL,Amalia Landa,Amalias,2
CELC_MVLL,Amalia Landa,Ancón,2
CELC_MVLL,Amalia Landa,Apra,2
CELC_MVLL,Amalia Landa,Aída,2
CELC_MVLL,Amalia Landa,Becerrita,2
CELC_MVLL,Amalia Landa,Bustamante,2
CELC_MVLL,Amalia Landa,Carmincha,2
CELC_MVLL,Amalia Landa,Celeste,2
CELC_MVLL,Amalia Landa,Emilio,2
CELC_MVLL,Amalia Landa,Haya de la Torre,2
CELC_MVLL,Amalia Landa,Hilario Morales,2
CELC_MVLL,Amalia Landa,Jacobo,2
CELC_MVLL,Amalia Landa,Jesús,2
CELC_MVLL,Amalia Landa,Lavalle,2
CELC_MVLL,Amalia Landa,Ministro,2
CELC_MVLL,Amalia Landa,Panta,2
CELC_MVLL,Amalia Landa,Paqueta,2
CELC_MVLL,Amalia Landa,Prado,2
CELC_MVLL,Amalia Landa,Richard,2
CELC_MVLL,Amalia Landa,Serrano,2
CELC_MVLL,Amalia Landa,Trifulcio,2
CELC_MVLL,Amalia Landa,Téllez,2
CELC_MVLL,Amalia Landa,Urondo,2
CELC_MVLL,Amalia Landa,Vallejo,2
CELC_MVLL,Amalia Landa,doctor,2
CELC_MVLL,Amalia Landa,señor,2
CELC_MVLL,Amalia Landa,señora Hortensia,2
CELC_MVLL,Amalia Landa,señora Zoila,2
CELC_MVLL,Amalia Landa,señorita Queta,2
CELC_MVLL,Amalias,Ambrosio Pardo,2
CELC_MVLL,Amalita Hortensia,Don,2
CELC_MVLL,Amalita Hortensia,Don Hilario,2
CELC_MVLL,Amalita Hortensia,Fermín Zavala,2
CELC_MVLL,Amalita Hortensia,Hilario Morales,2
CELC_MVLL,Amalita Hortensia,Hortensia,2
CELC_MVLL,Amalita Hortensia,Ludovico,2
CELC_MVLL,Amalita Hortensia,Panta,2
CELC_MVLL,Amalita Hortensia,Queta,2
CELC_MVLL,Amalita Hortensia,Rosario,2
CELC_MVLL,Amalita Hortensia,Trinidad,2
CELC_MVLL,Ambrosio Pardo,Ancón,2
CELC_MVLL,Ambrosio Pardo,Anita,2
CELC_MVLL,Ambrosio Pardo,Atanasio,2
CELC_MVLL,Ambrosio Pardo,Azángaro,2
CELC_MVLL,Ambrosio Pardo,Benavides,2
CELC_MVLL,Ambrosio Pardo,Carmincha,2
CELC_MVLL,Ambrosio Pardo,Carrillo,2
CELC_MVLL,Ambrosio Pardo,Cigüeña,2
CELC_MVLL,Ambrosio Pardo,Director,2
CELC_MVLL,Ambrosio Pardo,Doña Catalina,2
CELC_MVLL,Ambrosio Pardo,Eliana,2
CELC_MVLL,Ambrosio Pardo,Embajador,2
CELC_MVLL,Ambrosio Pardo,Hinostroza,2
CELC_MVLL,Ambrosio Pardo,Inocencia,2
CELC_MVLL,Ambrosio Pardo,Jesús María,2
CELC_MVLL,Ambrosio Pardo,Lavalle,2
CELC_MVLL,Ambrosio Pardo,Llerena,2
CELC_MVLL,Ambrosio Pardo,Maclovia,2
CELC_MVLL,Ambrosio Pardo,Madama,2
CELC_MVLL,Ambrosio Pardo,Mario Vargas Llosa,2
CELC_MVLL,Ambrosio Pardo,Marx,2
CELC_MVLL,Ambrosio Pardo,Mayor Paredes,2
CELC_MVLL,Ambrosio Pardo,Melequías,2
CELC_MVLL,Ambrosio Pardo,Milton,2
CELC_MVLL,Ambrosio Pardo,Miraflores,2
CELC_MVLL,Ambrosio Pardo,Palacio,2
CELC_MVLL,Ambrosio Pardo,Panta,2
CELC_MVLL,Ambrosio Pardo,Pereda,2
CELC_MVLL,Ambrosio Pardo,Rojas,2
CELC_MVLL,Ambrosio Pardo,Saldívar,2
CELC_MVLL,Ambrosio Pardo,San Marcos,2
CELC_MVLL,Ambrosio Pardo,Santos Vivero,2
CELC_MVLL,Ambrosio Pardo,Saturnina,2
CELC_MVLL,Ambrosio Pardo,Serrano Espina,2
CELC_MVLL,Ambrosio Pardo,Tallio,2
CELC_MVLL,Ambrosio Pardo,Vallejo,2
CELC_MVLL,Ambrosio Pardo,Zoilita,2
CELC_MVLL,Ambrosio Pardo,don Emilio,2
CELC_MVLL,Ambrosio Pardo,señora,2
CELC_MVLL,Ambrosio Pardo,señora Hortensia,2
CELC_MVLL,Ana,Arispe,2
CELC_MVLL,Ana,Batuquito,2
CELC_MVLL,Ana,Belaúnde,2
CELC_MVLL,Ana,China,2
CELC_MVLL,Ana,Director,2
CELC_MVLL,Ana,Don Hilario,2
CELC_MVLL,Ana,Eliana,2
CELC_MVLL,Ana,Huxley,2
CELC_MVLL,Ana,Pantaleón,2
CELC_MVLL,Ana,Periquito,2
CELC_MVLL,Ana,Robertito,2
CELC_MVLL,Ana,don Hilario,2
CELC_MVLL,Ana,doña Lucía,2
CELC_MVLL,Ana,doña Lupe,2
CELC_MVLL,Ancón,Fermín Zavala,2
CELC_MVLL,Ancón,Queta,2
CELC_MVLL,Anduvia,Cayo Bermúdez,2
CELC_MVLL,Anduvia,Ludovico,2
CELC_MVLL,Anita,Chispas Zavala,2
CELC_MVLL,Anita,Musa,2
CELC_MVLL,Anita,Norwin,2
CELC_MVLL,Anita,Popeye Arévalo,2
CELC_MVLL,Anita,Queta,2
CELC_MVLL,Anita,Quetita,2
CELC_MVLL,Anita,Robertito,2
CELC_MVLL,Anita,Teté Zavala,2
CELC_MVLL,Apra,Fermín Zavala,2
CELC_MVLL,Arbeláez,Canciller,2
CELC_MVLL,Arbeláez,Carlota,2
CELC_MVLL,Arbeláez,Ministro,2
CELC_MVLL,Arbeláez,Pinto,2
CELC_MVLL,Arbeláez,Popeye Arévalo,2
CELC_MVLL,Arbeláez,Queta,2
CELC_MVLL,Arbeláez,Santiago Zavala,2
CELC_MVLL,Arbeláez,Serrano,2
CELC_MVLL,Arbeláez,Trinidad,2
CELC_MVLL,Arbeláez,doctor Arbeláez,2
CELC_MVLL,Arispe,China,2
CELC_MVLL,Arispe,Hernández,2
CELC_MVLL,Arispe,Jesús María,2
CELC_MVLL,Arispe,Ludovico,2
CELC_MVLL,Arispe,Madama,2
CELC_MVLL,Arispe,Milton,2
CELC_MVLL,Atanasio,Carrillo,2
CELC_MVLL,Atanasio,Gertrudis Lama,2
CELC_MVLL,Atanasio,Rosario,2
CELC_MVLL,Atanasio,Trinidad López,2
CELC_MVLL,Atanasio,don,2
CELC_MVLL,Ave,Cayo Bermúdez,2
CELC_MVLL,Ave,Odría,2
CELC_MVLL,Azángaro,Aída,2
CELC_MVLL,Azángaro,Santiago Zavala,2
CELC_MVLL,Aída,Chota,2
CELC_MVLL,Aída,Engels,2
CELC_MVLL,Aída,Miraflores,2
CELC_MVLL,Aída,Ochoa,2
CELC_MVLL,Aída,Prefecto,2
CELC_MVLL,Aída,Saldívar,2
CELC_MVLL,Aída,San Marcos,2
CELC_MVLL,Aída,Santos Vivero,2
CELC_MVLL,Aída,Zavala,2
CELC_MVLL,Batuque,Batuquito,2
CELC_MVLL,Batuque,Cary,2
CELC_MVLL,Batuque,Chispas Zavala,2
CELC_MVLL,Batuque,Huxley,2
CELC_MVLL,Batuque,Popeye Arévalo,2
CELC_MVLL,Batuque,Teté Zavala,2
CELC_MVLL,Batuquito,Huxley,2
CELC_MVLL,Becerra,Queta,2
CELC_MVLL,Becerra,Robertito,2
CELC_MVLL,Becerrita,China,2
CELC_MVLL,Becerrita,Espina,2
CELC_MVLL,Becerrita,Jesús María,2
CELC_MVLL,Becerrita,Ludovico,2
CELC_MVLL,Becerrita,Ludovico Pantoja,2
CELC_MVLL,Becerrita,Peralta,2
CELC_MVLL,Becerrita,Rojas,2
CELC_MVLL,Becerrita,Solórzano,2
CELC_MVLL,Becerrita,Vallejo,2
CELC_MVLL,Becerrita,Zoila,2
CELC_MVLL,Belaúnde,Chispas Zavala,2
CELC_MVLL,Benavides,Buitre,2
CELC_MVLL,Benavides,Cayo Bermúdez,2
CELC_MVLL,Benavides,Trifulcio,2
CELC_MVLL,Benavides,don,2
CELC_MVLL,Buitre,Chincha,2
CELC_MVLL,Buitre,Doña Catalina,2
CELC_MVLL,Buitre,Trifulcio,2
CELC_MVLL,Bustamante,Chispas Zavala,2
CELC_MVLL,Bustamante,Espina,2
CELC_MVLL,Bustamante,Fermín Zavala,2
CELC_MVLL,Bustamante,Trifulcio,2
CELC_MVLL,Cabrejitos,Cayo Bermúdez,2
CELC_MVLL,Cabrejitos,Chino Molina,2
CELC_MVLL,Cabrejitos,Coronel Lozano,2
CELC_MVLL,Cabrejitos,Emilio,2
CELC_MVLL,Cabrejitos,Fermín Zavala,2
CELC_MVLL,Cabrejitos,Hipólito,2
CELC_MVLL,Cabrejitos,Lama,2
CELC_MVLL,Cabrejitos,Landa,2
CELC_MVLL,Cabrejitos,Ludovico,2
CELC_MVLL,Cabrejitos,Martínez,2
CELC_MVLL,Cabrejitos,Molina,2
CELC_MVLL,Cabrejitos,Trifulcio,2
CELC_MVLL,Cabrejitos,Téllez,2
CELC_MVLL,Cahuide,Odría,2
CELC_MVLL,Cahuide,Prefecto,2
CELC_MVLL,Cahuide,Presidente,2
CELC_MVLL,Cahuide,Solórzano,2
CELC_MVLL,Calancha,Pereira,2
CELC_MVLL,Calancha,Presidente,2
CELC_MVLL,Calancha,Queta,2
CELC_MVLL,Camino,Cayo Bermúdez,2
CELC_MVLL,Camino,Faucett,2
CELC_MVLL,Camino,Landa,2
CELC_MVLL,Camino,Paredes,2
CELC_MVLL,Camino,Presidente,2
CELC_MVLL,Camino,Zavala,2
CELC_MVLL,Canciller,Cayo Bermúdez,2
CELC_MVLL,Canciller,Coronel Lozano,2
CELC_MVLL,Canciller,Espina,2
CELC_MVLL,Canciller,Landa,2
CELC_MVLL,Canciller,Llerena,2
CELC_MVLL,Canciller,Paredes,2
CELC_MVLL,Canciller,Pinto,2
CELC_MVLL,Canciller,Presidente,2
CELC_MVLL,Canciller,Tijero,2
CELC_MVLL,Canciller,Zavala,2
CELC_MVLL,Canciller,doctor Arbeláez,2
CELC_MVLL,Carlitos,Carlota,2
CELC_MVLL,Carlitos,Castelano,2
CELC_MVLL,Carlitos,Director,2
CELC_MVLL,Carlitos,Don Hilario,2
CELC_MVLL,Carlitos,Doña Lupe,2
CELC_MVLL,Carlitos,Hilario,2
CELC_MVLL,Carlitos,Huxley,2
CELC_MVLL,Carlitos,Ludovico,2
CELC_MVLL,Carlitos,Mariátegui,2
CELC_MVLL,Carlitos,Ochoa,2
CELC_MVLL,Carlitos,Paredes,2
CELC_MVLL,Carlitos,Pedrito Aguirre,2
CELC_MVLL,Carlitos,Prado,2
CELC_MVLL,Carlitos,Rojas,2
CELC_MVLL,Carlitos,Saldívar,2
CELC_MVLL,Carlitos,Símula,2
CELC_MVLL,Carlitos,Trinidad,2
CELC_MVLL,Carlitos,Zoilita,2
CELC_MVLL,Carlitos,doña Lupe,2
CELC_MVLL,Carlitos,señora,2
CELC_MVLL,Carlitos,tío Clodomiro,2
CELC_MVLL,Carlota,Carmincha,2
CELC_MVLL,Carlota,Chispas Zavala,2
CELC_MVLL,Carlota,Gertrudis,2
CELC_MVLL,Carlota,Landa,2
CELC_MVLL,Carlota,Mayor,2
CELC_MVLL,Carlota,Serrano,2
CELC_MVLL,Carlota,Vallejo,2
CELC_MVLL,Carlota,doctor,2
CELC_MVLL,Carlota,señor,2
CELC_MVLL,Carlota,señorita Queta,2
CELC_MVLL,Carmincha,Coronel Lozano,2
CELC_MVLL,Carmincha,Odría,2
CELC_MVLL,Carrillo,Chispas Zavala,2
CELC_MVLL,Carrillo,Gertrudis,2
CELC_MVLL,Carrillo,Gertrudis Lama,2
CELC_MVLL,Cary,Cayo Bermúdez,2
CELC_MVLL,Cary,Clodomiro,2
CELC_MVLL,Cary,Eliana,2
CELC_MVLL,Cary,Lucía,2
CELC_MVLL,Cary,Quetita,2
CELC_MVLL,Cary,Robertito,2
CELC_MVLL,Castelano,Espina,2
CELC_MVLL,Castelano,Norwin,2
CELC_MVLL,Castelano,Santiago Zavala,2
CELC_MVLL,Cayo Bermúdez,Cigüeña,2
CELC_MVLL,Cayo Bermúdez,Cristina,2
CELC_MVLL,Cayo Bermúdez,Doña Catalina,2
CELC_MVLL,Cayo Bermúdez,Faucett,2
CELC_MVLL,Cayo Bermúdez,Hinostroza,2
CELC_MVLL,Cayo Bermúdez,Héctor,2
CELC_MVLL,Cayo Bermúdez,Jesús María,2
CELC_MVLL,Cayo Bermúdez,María,2
CELC_MVLL,Cayo Bermúdez,Mayor Paredes,2
CELC_MVLL,Cayo Bermúdez,Melequías,2
CELC_MVLL,Cayo Bermúdez,Mendizábal,2
CELC_MVLL,Cayo Bermúdez,Ministros,2
CELC_MVLL,Cayo Bermúdez,Olave,2
CELC_MVLL,Cayo Bermúdez,Palacio,2
CELC_MVLL,Cayo Bermúdez,Pantoja,2
CELC_MVLL,Cayo Bermúdez,Pereda,2
CELC_MVLL,Cayo Bermúdez,Pereira,2
CELC_MVLL,Cayo Bermúdez,Perpetuo,2
CELC_MVLL,Cayo Bermúdez,Pinto,2
CELC_MVLL,Cayo Bermúdez,Quijano,2
CELC_MVLL,Cayo Bermúdez,Remigio Saldívar,2
CELC_MVLL,Cayo Bermúdez,Rosario,2
CELC_MVLL,Cayo Bermúdez,Saldívar,2
CELC_MVLL,Cayo Bermúdez,Serrano Espina,2
CELC_MVLL,Cayo Bermúdez,doctor Alcibíades,2
CELC_MVLL,Cayo Bermúdez,doctor Arbeláez,2
CELC_MVLL,Cayo Bermúdez,don Emilio,2
CELC_MVLL,Cayo Bermúdez,don Emilio Arévalo,2
CELC_MVLL,Cayo Bermúdez,señora Hortensia,2
CELC_MVLL,Cayo Bermúdez,tío Clodomiro,2
CELC_MVLL,Celeste,Rosario,2
CELC_MVLL,Celeste,Trinidad,2
CELC_MVLL,Chamorro,Fermín Zavala,2
CELC_MVLL,Chamorro,Landa,2
CELC_MVLL,Chamorro,Serrano,2
CELC_MVLL,China,Darío,2
CELC_MVLL,China,Pedrito Aguirre,2
CELC_MVLL,China,Solórzano,2
CELC_MVLL,China,Teté Zavala,2
CELC_MVLL,Chincha,Odría,2
CELC_MVLL,Chincha,Rosa,2
CELC_MVLL,Chincha,Serrano,2
CELC_MVLL,Chincha,Túmula,2
CELC_MVLL,Chino Molina,Coronel Lozano,2
CELC_MVLL,Chino Molina,Emilio,2
CELC_MVLL,Chino Molina,Fermín Zavala,2
CELC_MVLL,Chino Molina,Landa,2
CELC_MVLL,Chino Molina,Odría,2
CELC_MVLL,Chino Molina,Popeye Arévalo,2
CELC_MVLL,Chino Molina,Prefecto,2
CELC_MVLL,Chino Molina,Ruperto,2
CELC_MVLL,Chino Molina,Urondo,2
CELC_MVLL,Chispas Zavala,Don,2
CELC_MVLL,Chispas Zavala,Eliana,2
CELC_MVLL,Chispas Zavala,Gertrudis Lama,2
CELC_MVLL,Chispas Zavala,Hernández,2
CELC_MVLL,Chispas Zavala,Hipólito,2
CELC_MVLL,Chispas Zavala,Hortensia,2
CELC_MVLL,Chispas Zavala,Inocencia,2
CELC_MVLL,Chispas Zavala,Landa,2
CELC_MVLL,Chispas Zavala,Llaque,2
CELC_MVLL,Chispas Zavala,Malvina,2
CELC_MVLL,Chispas Zavala,Martínez,2
CELC_MVLL,Chispas Zavala,Norwin,2
CELC_MVLL,Chispas Zavala,Paredes,2
CELC_MVLL,Chispas Zavala,Presidente,2
CELC_MVLL,Chispas Zavala,Quetita,2
CELC_MVLL,Chispas Zavala,Robertito,2
CELC_MVLL,Chispas Zavala,Rojas,2
CELC_MVLL,Chispas Zavala,Símula,2
CELC_MVLL,Chispas Zavala,Trifulcio,2
CELC_MVLL,Chota,Santiago Zavala,2
CELC_MVLL,Cigüeña,Coronel Lozano,2
CELC_MVLL,Cigüeña,Ludovico,2
CELC_MVLL,Clodomiro,Landa,2
CELC_MVLL,Clodomiro,Ludovico,2
CELC_MVLL,Clodomiro,Odría,2
CELC_MVLL,Clodomiro,Zoilita,2
CELC_MVLL,Comandante,General,2
CELC_MVLL,Comandante,Llerena,2
CELC_MVLL,Comandante,Ludovico,2
CELC_MVLL,Comandante,Martínez,2
CELC_MVLL,Comandante,Ministro de Guerra,2
CELC_MVLL,Comandante,Molina,2
CELC_MVLL,Comandante,Paredes,2
CELC_MVLL,Comandante,Prefecto,2
CELC_MVLL,Comandante,Trifulcio,2
CELC_MVLL,Comandante,Téllez,2
CELC_MVLL,Coronel Lozano,Cristina,2
CELC_MVLL,Coronel Lozano,Embajador,2
CELC_MVLL,Coronel Lozano,Ferrito,2
CELC_MVLL,Coronel Lozano,Hinostroza,2
CELC_MVLL,Coronel Lozano,Melequías,2
CELC_MVLL,Coronel Lozano,Ministro de Gobierno,2
CELC_MVLL,Coronel Lozano,Ministro de Guerra,2
CELC_MVLL,Coronel Lozano,Ministros,2
CELC_MVLL,Coronel Lozano,Musa,2
CELC_MVLL,Coronel Lozano,Palacio,2
CELC_MVLL,Coronel Lozano,Pereda,2
CELC_MVLL,Coronel Lozano,Pereira,2
CELC_MVLL,Coronel Lozano,Pinto,2
CELC_MVLL,Coronel Lozano,Ruperto,2
CELC_MVLL,Coronel Lozano,Tallio,2
CELC_MVLL,Coronel Lozano,Teté Zavala,2
CELC_MVLL,Coronel Lozano,Tijero,2
CELC_MVLL,Coronel Lozano,Vallejo,2
CELC_MVLL,Coronel Lozano,Zoila,2
CELC_MVLL,Coronel Lozano,doctor Alcibíades,2
CELC_MVLL,Coronel Lozano,doctor Arbeláez,2
CELC_MVLL,Cristina,Espina,2
CELC_MVLL,Cristina,Landa,2
CELC_MVLL,Cristina,Presidente,2
CELC_MVLL,Darío,Jesús María,2
CELC_MVLL,Darío,Milton,2
CELC_MVLL,Darío,Paqueta,2
CELC_MVLL,Darío,Queta,2
CELC_MVLL,Darío,Robertito,2
CELC_MVLL,Darío,Solórzano,2
CELC_MVLL,Director,Norwin,2
CELC_MVLL,Director,Popeye Arévalo,2
CELC_MVLL,Don,Emilio Arévalo,2
CELC_MVLL,Don,Espina,2
CELC_MVLL,Don,Landa,2
CELC_MVLL,Don,Ministro,2
CELC_MVLL,Don,Odría,2
CELC_MVLL,Don,Pantaleón,2
CELC_MVLL,Don,Símula,2
CELC_MVLL,Don,Teté Zavala,2
CELC_MVLL,Don,Trifulcio,2
CELC_MVLL,Don,Zavala,2
CELC_MVLL,Don,Zoila,2
CELC_MVLL,Don,doña Lupe,2
CELC_MVLL,Don Hilario,Fermín Zavala,2
CELC_MVLL,Don Hilario,Ludovico,2
CELC_MVLL,Doña Catalina,Rosa,2
CELC_MVLL,Doña Catalina,Serrano,2
CELC_MVLL,Doña Catalina,Túmula,2
CELC_MVLL,Doña Lupe,Hilario,2
CELC_MVLL,Doña Lupe,Leoncio Paniagua,2
CELC_MVLL,Doña Lupe,Santiago Zavala,2
CELC_MVLL,Doña Lupe,don,2
CELC_MVLL,Eliana,Popeye Arévalo,2
CELC_MVLL,Eliana,Santiago Zavala,2
CELC_MVLL,Eliana,Teté Zavala,2
CELC_MVLL,Embajador,Emilio,2
CELC_MVLL,Embajador,Espina,2
CELC_MVLL,Embajador,Fermín Zavala,2
CELC_MVLL,Embajador,Hipólito,2
CELC_MVLL,Embajador,Hortensia,2
CELC_MVLL,Embajador,Lora,2
CELC_MVLL,Embajador,Ludovico,2
CELC_MVLL,Embajador,Montagne,2
CELC_MVLL,Embajador,Odría,2
CELC_MVLL,Embajador,Paredes,2
CELC_MVLL,Embajador,Popeye Arévalo,2
CELC_MVLL,Embajador,Presidente,2
CELC_MVLL,Embajador,Santiago Zavala,2
CELC_MVLL,Embajador,Trifulcio,2
CELC_MVLL,Embajador,Zavala,2
CELC_MVLL,Embajador,don,2
CELC_MVLL,Emilio,Ferro,2
CELC_MVLL,Emilio,Lama,2
CELC_MVLL,Emilio,Molina,2
CELC_MVLL,Emilio,Presidente,2
CELC_MVLL,Emilio,Queta,2
CELC_MVLL,Emilio,Tomasa,2
CELC_MVLL,Emilio,Trinidad López,2
CELC_MVLL,Emilio,don Emilio,2
CELC_MVLL,Emilio Arévalo,Martínez,2
CELC_MVLL,Emilio Arévalo,Melquíades,2
CELC_MVLL,Emilio Arévalo,Ministro,2
CELC_MVLL,Emilio Arévalo,Montagne,2
CELC_MVLL,Emilio Arévalo,Prefecto,2
CELC_MVLL,Emilio Arévalo,Ruperto,2
CELC_MVLL,Emilio Arévalo,Tomasa,2
CELC_MVLL,Emilio Arévalo,Urondo,2
CELC_MVLL,Engels,Jacobo,2
CELC_MVLL,Engels,Santiago Zavala,2
CELC_MVLL,Espina,Ferrito,2
CELC_MVLL,Espina,Haya de la Torre,2
CELC_MVLL,Espina,Lora,2
CELC_MVLL,Espina,Mendizábal,2
CELC_MVLL,Espina,Ministro de Gobierno,2
CELC_MVLL,Espina,Ministro de Guerra,2
CELC_MVLL,Espina,Molina,2
CELC_MVLL,Espina,Montagne,2
CELC_MVLL,Espina,Norwin,2
CELC_MVLL,Espina,Pinto,2
CELC_MVLL,Espina,Queta,2
CELC_MVLL,Espina,Serrano Espina,2
CELC_MVLL,Espina,Trinidad,2
CELC_MVLL,Espina,Urondo,2
CELC_MVLL,Espina,doctor,2
CELC_MVLL,Espina,doctor Arbeláez,2
CELC_MVLL,Faucett,Landa,2
CELC_MVLL,Faucett,Paredes,2
CELC_MVLL,Faucett,Presidente,2
CELC_MVLL,Faucett,Zavala,2
CELC_MVLL,Fermín Zavala,Haya de la Torre,2
CELC_MVLL,Fermín Zavala,Lavalle,2
CELC_MVLL,Fermín Zavala,Lucas,2
CELC_MVLL,Fermín Zavala,Lucía,2
CELC_MVLL,Fermín Zavala,Malvina,2
CELC_MVLL,Fermín Zavala,Mayor,2
CELC_MVLL,Fermín Zavala,Mendizábal,2
CELC_MVLL,Fermín Zavala,Ministro de Guerra,2
CELC_MVLL,Fermín Zavala,Palacio,2
CELC_MVLL,Fermín Zavala,San Marcos,2
CELC_MVLL,Fermín Zavala,Serrano Espina,2
CELC_MVLL,Fermín Zavala,Vallejo,2
CELC_MVLL,Fermín Zavala,Víctor Raúl,2
CELC_MVLL,Fermín Zavala,don Emilio,2
CELC_MVLL,Fermín Zavala,don Hilario,2
CELC_MVLL,Fermín Zavala,señora,2
CELC_MVLL,Fermín Zavala,tío,2
CELC_MVLL,Ferrito,Hipólito,2
CELC_MVLL,Ferrito,Hortensia,2
CELC_MVLL,Ferrito,Landa,2
CELC_MVLL,Ferrito,Presidente,2
CELC_MVLL,Ferrito,Queta,2
CELC_MVLL,Ferro,Odría,2
CELC_MVLL,Ferro,Paredes,2
CELC_MVLL,Ferro,Popeye Arévalo,2
CELC_MVLL,Ferro,Queta,2
CELC_MVLL,Ferro,Símula,2
CELC_MVLL,Ferro,Tomasa,2
CELC_MVLL,Ferro,Trinidad,2
CELC_MVLL,Ferro,doctor,2
CELC_MVLL,General,Mendizábal,2
CELC_MVLL,General,Ministro,2
CELC_MVLL,General,Ministro de Guerra,2
CELC_MVLL,General,Molina,2
CELC_MVLL,General,Musa,2
CELC_MVLL,General,Palacio,2
CELC_MVLL,General,Pantoja,2
CELC_MVLL,General,Prefecto,2
CELC_MVLL,General,Serrano Espina,2
CELC_MVLL,General,Tijero,2
CELC_MVLL,General,Tomasa,2
CELC_MVLL,General,doctor,2
CELC_MVLL,General Odría,Ludovico,2
CELC_MVLL,General Odría,Odría,2
CELC_MVLL,General Odría,Trifulcio,2
CELC_MVLL,Gertrudis,Odría,2
CELC_MVLL,Gertrudis,Pedro Flores,2
CELC_MVLL,Gertrudis,Símula,2
CELC_MVLL,Gertrudis,Zoila,2
CELC_MVLL,Gertrudis Lama,Hortensia,2
CELC_MVLL,Gertrudis Lama,Pedro Flores,2
CELC_MVLL,Gertrudis Lama,Zoila,2
CELC_MVLL,Gertrudis Lama,don Atanasio,2
CELC_MVLL,Gertrudis Lama,señora Rosario,2
CELC_MVLL,Haya de la Torre,Odría,2
CELC_MVLL,Haya de la Torre,don,2
CELC_MVLL,Heredia,Ludovico,2
CELC_MVLL,Heredia,Maclovia,2
CELC_MVLL,Heredia,Odría,2
CELC_MVLL,Heredia,Remigio Saldívar,2
CELC_MVLL,Heredia,Saldívar,2
CELC_MVLL,Hernández,Periquito,2
CELC_MVLL,Hernández,Teté Zavala,2
CELC_MVLL,Hilario,Hilario Morales,2
CELC_MVLL,Hilario,Queta,2
CELC_MVLL,Hilario,Teté Zavala,2
CELC_MVLL,Hilario Morales,Lupe,2
CELC_MVLL,Hilario Morales,doña Lupe,2
CELC_MVLL,Hinostroza,Hipólito,2
CELC_MVLL,Hinostroza,Ludovico,2
CELC_MVLL,Hipólito,Ivonne,2
CELC_MVLL,Hipólito,Lora,2
CELC_MVLL,Hipólito,Melequías,2
CELC_MVLL,Hipólito,Ministro de Gobierno,2
CELC_MVLL,Hipólito,Ministro de Guerra,2
CELC_MVLL,Hipólito,Ministros,2
CELC_MVLL,Hipólito,Musa,2
CELC_MVLL,Hipólito,Pereda,2
CELC_MVLL,Hipólito,Serrano Espina,2
CELC_MVLL,Hipólito,Símula,2
CELC_MVLL,Hipólito,Tijero,2
CELC_MVLL,Hipólito,Velarde,2
CELC_MVLL,Hipólito,don Emilio,2
CELC_MVLL,Hipólito,don Emilio Arévalo,2
CELC_MVLL,Hortensia,Lavalle,2
CELC_MVLL,Hortensia,Malvina,2
CELC_MVLL,Hortensia,Ministro,2
CELC_MVLL,Hortensia,Periquito,2
CELC_MVLL,Hortensia,Prado,2
CELC_MVLL,Hortensia,Richard,2
CELC_MVLL,Hortensia,Serrano,2
CELC_MVLL,Hortensia,doctor,2
CELC_MVLL,Hortensia,señora Hortensia,2
CELC_MVLL,Héctor,Marx,2
CELC_MVLL,Héctor,Ochoa,2
CELC_MVLL,Héctor,Popeye Arévalo,2
CELC_MVLL,Héctor,Saldívar,2
CELC_MVLL,Héctor,Santos Vivero,2
CELC_MVLL,Inocencia,Zoilita,2
CELC_MVLL,Inocencia,tío,2
CELC_MVLL,Ivonne,Lucas,2
CELC_MVLL,Ivonne,Lucy,2
CELC_MVLL,Ivonne,Norwin,2
CELC_MVLL,Ivonne,Polla,2
CELC_MVLL,Ivonne,Teté Zavala,2
CELC_MVLL,Ivonne,Trinidad,2
CELC_MVLL,Ivonne,Zoila,2
CELC_MVLL,Jacobo,Mariátegui,2
CELC_MVLL,Jacobo,Matías,2
CELC_MVLL,Jacobo,Miraflores,2
CELC_MVLL,Jacobo,Prefecto,2
CELC_MVLL,Jacobo,San Marcos,2
CELC_MVLL,Jacobo,Zavala,2
CELC_MVLL,Jesús María,Musa,2
CELC_MVLL,Jesús María,Periquito,2
CELC_MVLL,Jesús María,Santiago Zavala,2
CELC_MVLL,Lama,Landa,2
CELC_MVLL,Lama,Ministro,2
CELC_MVLL,Lama,doctor,2
CELC_MVLL,Landa,Martínez,2
CELC_MVLL,Landa,Mayor,2
CELC_MVLL,Landa,Ministro,2
CELC_MVLL,Landa,Ministro de Guerra,2
CELC_MVLL,Landa,Ministros,2
CELC_MVLL,Landa,Pinto,2
CELC_MVLL,Landa,Símula,2
CELC_MVLL,Landa,Trinidad López,2
CELC_MVLL,Landa,doctor Arbeláez,2
CELC_MVLL,Landa,don Emilio,2
CELC_MVLL,Lavalle,Prado,2
CELC_MVLL,Lavalle,Queta,2
CELC_MVLL,Leoncio Paniagua,Lupe,2
CELC_MVLL,Llaque,Matías,2
CELC_MVLL,Llaque,Odría,2
CELC_MVLL,Llaque,Zoila,2
CELC_MVLL,Llaque,don,2
CELC_MVLL,Llerena,Lora,2
CELC_MVLL,Llerena,Ministro,2
CELC_MVLL,Llerena,Ministro de Gobierno,2
CELC_MVLL,Llerena,Ministro de Guerra,2
CELC_MVLL,Llerena,Pantoja,2
CELC_MVLL,Llerena,Pinto,2
CELC_MVLL,Llerena,Popeye Arévalo,2
CELC_MVLL,Llerena,Téllez,2
CELC_MVLL,Llerena,doctor Arbeláez,2
CELC_MVLL,Llerena,don,2
CELC_MVLL,Lora,Ministro,2
CELC_MVLL,Lucas,señor,2
CELC_MVLL,Lucy,Odría,2
CELC_MVLL,Lucy,Quetita,2
CELC_MVLL,Lucy,Teté Zavala,2
CELC_MVLL,Lucy,Trinidad,2
CELC_MVLL,Lucy,don,2
CELC_MVLL,Lucía,Odría,2
CELC_MVLL,Lucía,Popeye Arévalo,2
CELC_MVLL,Lucía,Vallejo,2
CELC_MVLL,Ludovico,Maclovia,2
CELC_MVLL,Ludovico,María,2
CELC_MVLL,Ludovico,Melequías,2
CELC_MVLL,Ludovico,Ministro de Gobierno,2
CELC_MVLL,Ludovico,Ministros,2
CELC_MVLL,Ludovico,Paqueta,2
CELC_MVLL,Ludovico,Pereda,2
CELC_MVLL,Ludovico,Pereira,2
CELC_MVLL,Ludovico,Robertito,2
CELC_MVLL,Ludovico,Rosario,2
CELC_MVLL,Ludovico,Serrano Espina,2
CELC_MVLL,Ludovico,Tijero,2
CELC_MVLL,Ludovico,Velarde,2
CELC_MVLL,Ludovico,don Emilio,2
CELC_MVLL,Ludovico,don Emilio Arévalo,2
CELC_MVLL,Ludovico Pantoja,Peralta,2
CELC_MVLL,Ludovico Pantoja,Periquito,2
CELC_MVLL,Ludovico Pantoja,Santiago Zavala,2
CELC_MVLL,Ludovico Pantoja,Urondo,2
CELC_MVLL,Lupe,Pantaleón,2
CELC_MVLL,Maclovia,Odría,2
CELC_MVLL,Maclovia,Queta,2
CELC_MVLL,Maclovia,doctor,2
CELC_MVLL,Malvina,Martha,2
CELC_MVLL,Malvina,Popeye Arévalo,2
CELC_MVLL,Malvina,Teté Zavala,2
CELC_MVLL,Mario Vargas Llosa,Santiago Zavala,2
CELC_MVLL,Mariátegui,Matías,2
CELC_MVLL,Mariátegui,Solórzano,2
CELC_MVLL,Mariátegui,Washington,2
CELC_MVLL,Martha,Santiago Zavala,2
CELC_MVLL,Martínez,Ministro,2
CELC_MVLL,Martínez,Presidente,2
CELC_MVLL,Marx,Washington,2
CELC_MVLL,Mayor,doctor,2
CELC_MVLL,Melquíades,Popeye Arévalo,2
CELC_MVLL,Melquíades,Serrano,2
CELC_MVLL,Mendizábal,Trifulcio,2
CELC_MVLL,Mendizábal,Urondo,2
CELC_MVLL,Mendizábal,don,2
CELC_MVLL,Milton,Musa,2
CELC_MVLL,Milton,Periquito,2
CELC_MVLL,Ministro,Ministro de Gobierno,2
CELC_MVLL,Ministro,Símula,2
CELC_MVLL,Ministro,Urondo,2
CELC_MVLL,Ministro de Gobierno,Ministro de Guerra,2
CELC_MVLL,Ministro de Gobierno,Paredes,2
CELC_MVLL,Ministro de Gobierno,Presidente,2
CELC_MVLL,Ministro de Gobierno,Serrano,2
CELC_MVLL,Ministro de Gobierno,Téllez,2
CELC_MVLL,Ministro de Guerra,Molina,2
CELC_MVLL,Ministro de Guerra,Paredes,2
CELC_MVLL,Ministro de Guerra,Trifulcio,2
CELC_MVLL,Ministros,Popeye Arévalo,2
CELC_MVLL,Ministros,Prefecto,2
CELC_MVLL,Ministros,Presidente,2
CELC_MVLL,Ministros,Zavala,2
CELC_MVLL,Miraflores,Santiago Zavala,2
CELC_MVLL,Miraflores,Teté Zavala,2
CELC_MVLL,Molina,doctor,2
CELC_MVLL,Montagne,Trinidad,2
CELC_MVLL,Montagne,Téllez,2
CELC_MVLL,Montagne,Urondo,2
CELC_MVLL,Musa,Odría,2
CELC_MVLL,Musa,Rojas,2
CELC_MVLL,Musa,Trinidad López,2
CELC_MVLL,Musa,Téllez,2
CELC_MVLL,Musa,Urondo,2
CELC_MVLL,Norwin,Pedrito Aguirre,2
CELC_MVLL,Norwin,Queta,2
CELC_MVLL,Norwin,Rojas,2
CELC_MVLL,Norwin,Teté Zavala,2
CELC_MVLL,Ochoa,Saldívar,2
CELC_MVLL,Ochoa,Santiago Zavala,2
CELC_MVLL,Ochoa,Santos Vivero,2
CELC_MVLL,Ochoa,Washington,2
CELC_MVLL,Odría,Pereira,2
CELC_MVLL,Odría,Quetita,2
CELC_MVLL,Odría,Ruperto,2
CELC_MVLL,Odría,Teniente,2
CELC_MVLL,Odría,doctor,2
CELC_MVLL,Odría,don Emilio,2
CELC_MVLL,Odría,general,2
CELC_MVLL,Palacio,Presidente,2
CELC_MVLL,Palacio,Santiago Zavala,2
CELC_MVLL,Palacio,don,2
CELC_MVLL,Panta,doña Lupe,2
CELC_MVLL,Pantaleón,Santiago Zavala,2
CELC_MVLL,Pantoja,Paredes,2
CELC_MVLL,Pantoja,Presidente,2
CELC_MVLL,Paredes,Pinto,2
CELC_MVLL,Paredes,Prefecto,2
CELC_MVLL,Paredes,Quijano,2
CELC_MVLL,Paredes,Teté Zavala,2
CELC_MVLL,Paredes,Téllez,2
CELC_MVLL,Paredes,doctor Arbeláez,2
CELC_MVLL,Pedrito Aguirre,Santiago Zavala,2
CELC_MVLL,Pedro Flores,Trinidad López,2
CELC_MVLL,Pedro Flores,Víctor Raúl,2
CELC_MVLL,Pedro Flores,señora Rosario,2
CELC_MVLL,Peralta,Periquito,2
CELC_MVLL,Peralta,Santiago Zavala,2
CELC_MVLL,Periquito,Polla,2
CELC_MVLL,Perpetuo,Serrano,2
CELC_MVLL,Pinto,Presidente,2
CELC_MVLL,Pinto,Tijero,2
CELC_MVLL,Pinto,Zavala,2
CELC_MVLL,Pinto,doctor Arbeláez,2
CELC_MVLL,Politzer,Teté Zavala,2
CELC_MVLL,Polla,Quetita,2
CELC_MVLL,Polla,Santiago Zavala,2
CELC_MVLL,Polla,Teté Zavala,2
CELC_MVLL,Popeye Arévalo,Santos Vivero,2
CELC_MVLL,Popeye Arévalo,Solórzano,2
CELC_MVLL,Popeye Arévalo,Tomasa,2
CELC_MVLL,Popeye Arévalo,Trinidad López,2
CELC_MVLL,Popeye Arévalo,señora Zoila,2
CELC_MVLL,Prado,Queta,2
CELC_MVLL,Prado,don,2
CELC_MVLL,Prefecto,Washington,2
CELC_MVLL,Prefecto,Zavala,2
CELC_MVLL,Presidente,Quijano,2
CELC_MVLL,Presidente,Remigio Saldívar,2
CELC_MVLL,Presidente,Ruperto,2
CELC_MVLL,Presidente,Saldívar,2
CELC_MVLL,Presidente,Teté Zavala,2
CELC_MVLL,Presidente,Zoila,2
CELC_MVLL,Presidente,doctor Alcibíades,2
CELC_MVLL,Presidente,doctor Arbeláez,2
CELC_MVLL,Queta,Rosario,2
CELC_MVLL,Queta,Solórzano,2
CELC_MVLL,Queta,Trifulcio,2
CELC_MVLL,Queta,Téllez,2
CELC_MVLL,Queta,Urondo,2
CELC_MVLL,Queta,señor,2
CELC_MVLL,Queta,señora,2
CELC_MVLL,Quetita,Trinidad,2
CELC_MVLL,Quetita,don,2
CELC_MVLL,Remigio Saldívar,Saldívar,2
CELC_MVLL,Robertito,don,2
CELC_MVLL,Rojas,Santiago Zavala,2
CELC_MVLL,Rosa,doña Catalina,2
CELC_MVLL,Rosario,Víctor Raúl,2
CELC_MVLL,Rosario,señora Rosario,2
CELC_MVLL,Saldívar,Santiago Zavala,2
CELC_MVLL,Saldívar,Santos Vivero,2
CELC_MVLL,Saldívar,Washington,2
CELC_MVLL,San Marcos,Santiago Zavala,2
CELC_MVLL,San Marcos,don,2
CELC_MVLL,Santiago Zavala,Saturnina,2
CELC_MVLL,Santiago Zavala,Trujillo,2
CELC_MVLL,Santiago Zavala,Téllez,2
CELC_MVLL,Santiago Zavala,Túmula,2
CELC_MVLL,Santiago Zavala,don Emilio Arévalo,2
CELC_MVLL,Santiago Zavala,doña Catalina,2
CELC_MVLL,Santiago Zavala,doña Lupe,2
CELC_MVLL,Santiago Zavala,señora Rosario,2
CELC_MVLL,Santos Vivero,Washington,2
CELC_MVLL,Serrano,Serrano Espina,2
CELC_MVLL,Serrano,Símula,2
CELC_MVLL,Serrano,Tijero,2
CELC_MVLL,Serrano,doña Catalina,2
CELC_MVLL,Serrano Espina,don,2
CELC_MVLL,Solórzano,Zoila,2
CELC_MVLL,Símula,Tallio,2
CELC_MVLL,Símula,Zavala,2
CELC_MVLL,Símula,Zoila,2
CELC_MVLL,Símula,señor,2
CELC_MVLL,Teniente,don,2
CELC_MVLL,Teniente,doña Catalina,2
CELC_MVLL,Teté Zavala,Washington,2
CELC_MVLL,Teté Zavala,Zavala,2
CELC_MVLL,Tijero,Zavala,2
CELC_MVLL,Tijero,doctor Arbeláez,2
CELC_MVLL,Tomasa,Téllez,2
CELC_MVLL,Tomasa,Urondo,2
CELC_MVLL,Tomasa,Zavala,2
CELC_MVLL,Trifulcio,Washington,2
CELC_MVLL,Trifulcio,Zavala,2
CELC_MVLL,Trifulcio,don Emilio,2
CELC_MVLL,Trinidad López,Téllez,2
CELC_MVLL,Trinidad López,Urondo,2
CELC_MVLL,Trinidad López,Víctor Raúl,2
CELC_MVLL,Trinidad López,señora Rosario,2
CELC_MVLL,Téllez,doctor,2
CELC_MVLL,Téllez,don Emilio,2
CELC_MVLL,Túmula,don,2
CELC_MVLL,Túmula,doña Catalina,2
CELC_MVLL,Urondo,don Emilio,2
CELC_MVLL,Vallejo,Zoila,2
CELC_MVLL,Vallejo,tío Clodomiro,2
CELC_MVLL,Velarde,Zavala,2
CELC_MVLL,Zavala,doctor Arbeláez,2
CELC_MVLL,Zoila,señora,2
CELC_MVLL,Zoila,señora Zoila,2
CELC_MVLL,Zoila,tío,2
CELC_MVLL,Zoilita,don,2
CELC_MVLL,don,don Emilio,2
CELC_MVLL,don,doña Catalina,2
CELC_MVLL,don,señora Rosario,2
CRDLI_IGDLV,Inca,Rey,107
CRDLI_IGDLV,Inca,Reyes,80
CRDLI_IGDLV,Inca,Incas,63
CRDLI_IGDLV,Rey,Reyes,60
CRDLI_IGDLV,Inca,Sol,55
CRDLI_IGDLV,Rey,Sol,42
CRDLI_IGDLV,Reyes,Reyes Incas,32
CRDLI_IGDLV,Incas,Rey,31
CRDLI_IGDLV,Huayna Cápac,Inca,30
CRDLI_IGDLV,Inca,Príncipe,30
CRDLI_IGDLV,Inca,Reyes Incas,30
CRDLI_IGDLV,Incas,Reyes,28
CRDLI_IGDLV,Rey,Reyes Incas,25
CRDLI_IGDLV,Reyes,Sol,25
CRDLI_IGDLV,Huayna Cápac,Reyes,23
CRDLI_IGDLV,Atahuallpa,Inca,21
CRDLI_IGDLV,Atahuallpa,Reyes,20
CRDLI_IGDLV,Inca,Inca Manco Cápac,19
CRDLI_IGDLV,Atahuallpa,Rey,18
CRDLI_IGDLV,Huayna Cápac,Rey,18
CRDLI_IGDLV,Incas,Sol,18
CRDLI_IGDLV,Príncipe,Rey,18
CRDLI_IGDLV,Inca,Inca Viracocha,17
CRDLI_IGDLV,Inca,Padre Blas Valera,17
CRDLI_IGDLV,Inca Manco Cápac,Reyes,17
CRDLI_IGDLV,Atahuallpa,Huayna Cápac,16
CRDLI_IGDLV,Atahuallpa,Huáscar Inca,15
CRDLI_IGDLV,Inca,Túpac Inca Yupanqui,14
CRDLI_IGDLV,Incas,Reyes Incas,14
CRDLI_IGDLV,Manco Cápac,Reyes,14
CRDLI_IGDLV,Padre Blas Valera,Reyes,14
CRDLI_IGDLV,Atahuallpa,Huáscar,13
CRDLI_IGDLV,Inca,Manco Cápac,13
CRDLI_IGDLV,Huáscar Inca,Inca,12
CRDLI_IGDLV,Inca,Inca Cápac Yupanqui,12
CRDLI_IGDLV,Inca Viracocha,Rey,12
CRDLI_IGDLV,Padre Blas Valera,Rey,12
CRDLI_IGDLV,Pedro de Cieza,Reyes,12
CRDLI_IGDLV,Príncipe,Reyes,12
CRDLI_IGDLV,Huayna Cápac,Huáscar Inca,11
CRDLI_IGDLV,Inca,Inca Pachacútec,11
CRDLI_IGDLV,Inca,Pedro de Cieza,11
CRDLI_IGDLV,Inca Manco Cápac,Rey,11
CRDLI_IGDLV,Cápac Yupanqui,Inca,10
CRDLI_IGDLV,Huayna Cápac,Túpac Inca Yupanqui,10
CRDLI_IGDLV,Huáscar,Reyes,10
CRDLI_IGDLV,Inca,Viracocha,10
CRDLI_IGDLV,Inca Pachacútec,Rey,10
CRDLI_IGDLV,Inca Viracocha,Viracocha,10
CRDLI_IGDLV,Inca Yupanqui,Rey,10
CRDLI_IGDLV,Incas,Príncipe,10
CRDLI_IGDLV,Atahuallpa,Inca Manco Cápac,9
CRDLI_IGDLV,Atahuallpa,Incas,9
CRDLI_IGDLV,Huayna Cápac,Reyes Incas,9
CRDLI_IGDLV,Huáscar,Inca,9
CRDLI_IGDLV,Huáscar Inca,Rey,9
CRDLI_IGDLV,Huáscar Inca,Reyes,9
CRDLI_IGDLV,Inca,Inca Huayna Cápac,9
CRDLI_IGDLV,Inca,Inca Yupanqui,9
CRDLI_IGDLV,Inca,Pachacámac,9
CRDLI_IGDLV,Manco Cápac,Rey,9
CRDLI_IGDLV,Dios,Inca,8
CRDLI_IGDLV,Huayna Cápac,Huáscar,8
CRDLI_IGDLV,Huayna Cápac,Inca Huayna Cápac,8
CRDLI_IGDLV,Huáscar,Huáscar Inca,8
CRDLI_IGDLV,Inca,Inca Yáhuar Huácac,8
CRDLI_IGDLV,Inca,Padre Maestro Acosta,8
CRDLI_IGDLV,Inca,Viracocha Inca,8
CRDLI_IGDLV,Pedro de Cieza de León,Reyes,8
CRDLI_IGDLV,Príncipe,Sol,8
CRDLI_IGDLV,Reyes,Túpac Inca Yupanqui,8
CRDLI_IGDLV,Cápac Yupanqui,Rey,7
CRDLI_IGDLV,Huayna Cápac,Pedro de Cieza,7
CRDLI_IGDLV,Huáscar,Rey,7
CRDLI_IGDLV,Inca,Pallas,7
CRDLI_IGDLV,Inca,Pedro de Cieza de León,7
CRDLI_IGDLV,Inca,Rey Inca Roca,7
CRDLI_IGDLV,Inca Cápac Yupanqui,Incas,7
CRDLI_IGDLV,Inca Manco Cápac,Incas,7
CRDLI_IGDLV,Inca Manco Cápac,Sol,7
CRDLI_IGDLV,Inca Yupanqui,Reyes,7
CRDLI_IGDLV,Pedro de Cieza,Rey,7
CRDLI_IGDLV,Príncipe,Reyes Incas,7
CRDLI_IGDLV,Reina,Reyes,7
CRDLI_IGDLV,Reyes Incas,Sol,7
CRDLI_IGDLV,Francisco López de Gómara,Reyes,6
CRDLI_IGDLV,Huayna Cápac,Príncipe,6
CRDLI_IGDLV,Huáscar,Inca Manco Cápac,6
CRDLI_IGDLV,Inca,Inca  Viracocha,6
CRDLI_IGDLV,Inca,Inca Roca,6
CRDLI_IGDLV,Inca,Reina,6
CRDLI_IGDLV,Inca Manco Cápac,Manco Cápac,6
CRDLI_IGDLV,Inca Roca,Incas,6
CRDLI_IGDLV,Inca Viracocha,Reyes,6
CRDLI_IGDLV,Inca Viracocha,Viracocha Inca,6
CRDLI_IGDLV,Incas,Manco Cápac,6
CRDLI_IGDLV,Incas,Padre Blas Valera,6
CRDLI_IGDLV,Manco Cápac,Reyes Incas,6
CRDLI_IGDLV,Padre Blas Valera,Reyes Incas,6
CRDLI_IGDLV,Rey,Rey Inca Roca,6
CRDLI_IGDLV,Rey Inca Roca,Reyes,6
CRDLI_IGDLV,Agustín de Zárate,Pedro de Cieza de León,5
CRDLI_IGDLV,Agustín de Zárate,Reyes,5
CRDLI_IGDLV,Atahuallpa,Príncipe,5
CRDLI_IGDLV,Coya,Inca,5
CRDLI_IGDLV,Cápac Yupanqui,Incas,5
CRDLI_IGDLV,Dios,Rey,5
CRDLI_IGDLV,Dios,Reyes,5
CRDLI_IGDLV,Dios,Sol,5
CRDLI_IGDLV,Francisco López de Gómara,Huayna Cápac,5
CRDLI_IGDLV,Garcilaso de la Vega,Inca,5
CRDLI_IGDLV,Garcilaso de la Vega,Rey,5
CRDLI_IGDLV,Gonzalo Pizarro,Inca,5
CRDLI_IGDLV,Hancohuallu,Inca,5
CRDLI_IGDLV,Hancohuallu,Inca Viracocha,5
CRDLI_IGDLV,Huayna Cápac,Inca Manco Cápac,5
CRDLI_IGDLV,Huayna Cápac,Incas,5
CRDLI_IGDLV,Inca,Inca  Yupanqui,5
CRDLI_IGDLV,Inca,Pachacútec,5
CRDLI_IGDLV,Inca,Príncipes,5
CRDLI_IGDLV,Inca Pachacútec,Incas,5
CRDLI_IGDLV,Inca Roca,Rey,5
CRDLI_IGDLV,Inca Roca,Reyes,5
CRDLI_IGDLV,Inca Viracocha,Sol,5
CRDLI_IGDLV,Inca Yupanqui,Incas,5
CRDLI_IGDLV,Inca Yupanqui,Rey Inca Yupanqui,5
CRDLI_IGDLV,Pachacámac,Rey,5
CRDLI_IGDLV,Pachacútec,Rey,5
CRDLI_IGDLV,Pachacútec,Reyes,5
CRDLI_IGDLV,Pallas,Rey,5
CRDLI_IGDLV,Reina,Rey,5
CRDLI_IGDLV,Rey,Viracocha Inca,5
CRDLI_IGDLV,Reyes,Viracocha,5
CRDLI_IGDLV,Agustín de Zárate,Atahuallpa,4
CRDLI_IGDLV,Agustín de Zárate,Inca,4
CRDLI_IGDLV,Agustín de Zárate,Rey,4
CRDLI_IGDLV,Atahuallpa,Inca Huayna Cápac,4
CRDLI_IGDLV,Atahuallpa,Pallas,4
CRDLI_IGDLV,Atahuallpa,Pedro de Cieza,4
CRDLI_IGDLV,Atahuallpa,Rey Atahuallpa,4
CRDLI_IGDLV,Atahuallpa,Reyes Incas,4
CRDLI_IGDLV,Atahuallpa,Túpac Inca Yupanqui,4
CRDLI_IGDLV,Chancas,Inca,4
CRDLI_IGDLV,Chancas,Príncipe,4
CRDLI_IGDLV,Chancas,Rey,4
CRDLI_IGDLV,Chimu,Inca,4
CRDLI_IGDLV,Chimu,Príncipe,4
CRDLI_IGDLV,Collas,Inca,4
CRDLI_IGDLV,Collas,Rey,4
CRDLI_IGDLV,Collas,Sol,4
CRDLI_IGDLV,Coya,Rey,4
CRDLI_IGDLV,Coya,Reyes,4
CRDLI_IGDLV,Cuismancu,Inca,4
CRDLI_IGDLV,Cuismancu,Pachacámac,4
CRDLI_IGDLV,Cápac Yupanqui,Inca Yupanqui,4
CRDLI_IGDLV,Cápac Yupanqui,Pachacámac,4
CRDLI_IGDLV,Don Francisco Pizarro,Reyes,4
CRDLI_IGDLV,Emperadores,Inca,4
CRDLI_IGDLV,Emperadores,Rey,4
CRDLI_IGDLV,Emperadores,Reyes,4
CRDLI_IGDLV,Francisco López de Gómara,Rey,4
CRDLI_IGDLV,Huayna Cápac,Padre Maestro Acosta,4
CRDLI_IGDLV,Huayna Cápac,Paullu,4
CRDLI_IGDLV,Huayna Cápac,Sol,4
CRDLI_IGDLV,Huáscar,Rey Atahuallpa,4
CRDLI_IGDLV,Huáscar Inca,Príncipe,4
CRDLI_IGDLV,Inca,Inca  Cápac Yupanqui,4
CRDLI_IGDLV,Inca,Inca Lloque Yupanqui,4
CRDLI_IGDLV,Inca,Mama Ocllo,4
CRDLI_IGDLV,Inca,Rey Atahuallpa,4
CRDLI_IGDLV,Inca,Rey Inca Yupanqui,4
CRDLI_IGDLV,Inca,Rímac,4
CRDLI_IGDLV,Inca,Su Paternidad,4
CRDLI_IGDLV,Inca,Sumo Sacerdote,4
CRDLI_IGDLV,Inca,Yáhuar Huácac,4
CRDLI_IGDLV,Inca  Viracocha,Inca Viracocha,4
CRDLI_IGDLV,Inca  Viracocha,Rey,4
CRDLI_IGDLV,Inca  Viracocha,Sol,4
CRDLI_IGDLV,Inca  Yupanqui,Rey,4
CRDLI_IGDLV,Inca Cápac Yupanqui,Reyes,4
CRDLI_IGDLV,Inca Huayna Cápac,Reyes,4
CRDLI_IGDLV,Inca Lloque Yupanqui,Rey,4
CRDLI_IGDLV,Inca Pachacútec,Inca Yupanqui,4
CRDLI_IGDLV,Inca Pachacútec,Reyes,4
CRDLI_IGDLV,Inca Viracocha,Inca Yáhuar Huácac,4
CRDLI_IGDLV,Inca Viracocha,Incas,4
CRDLI_IGDLV,Inca Yáhuar Huácac,Incas,4
CRDLI_IGDLV,Inca Yáhuar Huácac,Rey,4
CRDLI_IGDLV,Inca Yáhuar Huácac,Viracocha Inca,4
CRDLI_IGDLV,Incas,Padre Maestro Acosta,4
CRDLI_IGDLV,Incas,Pallas,4
CRDLI_IGDLV,Incas,Túpac Inca Yupanqui,4
CRDLI_IGDLV,Incas,Viracocha,4
CRDLI_IGDLV,Mama Ocllo,Rey,4
CRDLI_IGDLV,Manco Inca,Rey,4
CRDLI_IGDLV,Manco Inca,Reyes,4
CRDLI_IGDLV,Pachacámac,Rímac,4
CRDLI_IGDLV,Pachacámac,Sol,4
CRDLI_IGDLV,Padre Maestro Acosta,Reyes,4
CRDLI_IGDLV,Padre Maestro Acosta,Su Paternidad,4
CRDLI_IGDLV,Pallas,Reyes,4
CRDLI_IGDLV,Pedro de Cieza,Pedro de Cieza de León,4
CRDLI_IGDLV,Pedro de Cieza,Reyes Incas,4
CRDLI_IGDLV,Pedro de Cieza de León,Rey,4
CRDLI_IGDLV,Pedro de Valdivia,Valdivia,4
CRDLI_IGDLV,Rey,Rey Inca Yupanqui,4
CRDLI_IGDLV,Rey,Sinchi Roca,4
CRDLI_IGDLV,Rey,Su Paternidad,4
CRDLI_IGDLV,Rey,Túpac Inca Yupanqui,4
CRDLI_IGDLV,Rey,Viracocha,4
CRDLI_IGDLV,Rey,Yáhuar Huácac,4
CRDLI_IGDLV,Rey Inca Roca,Yáhuar Huácac,4
CRDLI_IGDLV,Rey Inca Yupanqui,Reyes,4
CRDLI_IGDLV,Reyes,Reyes  Incas,4
CRDLI_IGDLV,Reyes Incas,Túpac Inca Yupanqui,4
CRDLI_IGDLV,Sol,Viracocha Inca,4
CRDLI_IGDLV,Viracocha,Viracocha Inca,4
CRDLI_IGDLV,Atabálipa,Atahuallpa,3
CRDLI_IGDLV,Atahuallpa,Francisco López de Gómara,3
CRDLI_IGDLV,Atahuallpa,Gonzalo Pizarro,3
CRDLI_IGDLV,Atahuallpa,Inca Viracocha,3
CRDLI_IGDLV,Atahuallpa,Padre Blas Valera,3
CRDLI_IGDLV,Atahuallpa,Sol,3
CRDLI_IGDLV,Augustos,Rey,3
CRDLI_IGDLV,Augustos,Reyes,3
CRDLI_IGDLV,Auqui Titu,Inca,3
CRDLI_IGDLV,Auqui Titu,Incas,3
CRDLI_IGDLV,Auqui Titu,Rey,3
CRDLI_IGDLV,Cari,Chipana,3
CRDLI_IGDLV,Cari,Inca,3
CRDLI_IGDLV,Chachapuyas,Huayna Cápac,3
CRDLI_IGDLV,Chachapuyas,Inca,3
CRDLI_IGDLV,Chancas,Inca Viracocha,3
CRDLI_IGDLV,Chincha,Cápac Yupanqui,3
CRDLI_IGDLV,Chincha,Rey,3
CRDLI_IGDLV,Chipana,Inca,3
CRDLI_IGDLV,Chuquimancu,Rey,3
CRDLI_IGDLV,Coya,Reina,3
CRDLI_IGDLV,Coya Mama Ocllo Huaco,Inca,3
CRDLI_IGDLV,Cuismancu,Cápac Yupanqui,3
CRDLI_IGDLV,Cuismancu,Rey,3
CRDLI_IGDLV,Cuismancu,Rey Cuismancu,3
CRDLI_IGDLV,Cuismancu,Rímac,3
CRDLI_IGDLV,Cápac,Inca,3
CRDLI_IGDLV,Cápac,Reyes,3
CRDLI_IGDLV,Cápac,Reyes Incas,3
CRDLI_IGDLV,Cápac Yupanqui,Inca Pachacútec,3
CRDLI_IGDLV,Cápac Yupanqui,Príncipe,3
CRDLI_IGDLV,Cápac Yupanqui,Reyes Incas,3
CRDLI_IGDLV,Dios,Reyes Incas,3
CRDLI_IGDLV,Don Diego de Almagro,Reyes,3
CRDLI_IGDLV,Don Francisco Pizarro,Rey,3
CRDLI_IGDLV,Don Francisco de Toledo,Inca,3
CRDLI_IGDLV,Don Melchior Carlos Inca,Paullu,3
CRDLI_IGDLV,Emperador,Rey,3
CRDLI_IGDLV,Emperador,Reyes,3
CRDLI_IGDLV,Emperadores,Reyes Incas,3
CRDLI_IGDLV,Francisco Hernández Girón,Inca,3
CRDLI_IGDLV,Francisco Hernández Girón,Rey,3
CRDLI_IGDLV,Francisco López de Gómara,Gómara,3
CRDLI_IGDLV,Francisco López de Gómara,Inca,3
CRDLI_IGDLV,Francisco López de Gómara,Pedro de Cieza,3
CRDLI_IGDLV,Garcilaso de la Vega,Huayna Cápac,3
CRDLI_IGDLV,Garcilaso de la Vega,Reyes,3
CRDLI_IGDLV,Gonzalo Pizarro,Inca Manco Cápac,3
CRDLI_IGDLV,Gonzalo Pizarro,Incas,3
CRDLI_IGDLV,Guainacaba,Inca,3
CRDLI_IGDLV,Guainacaba,Reyes,3
CRDLI_IGDLV,Hancohuallu,Rey,3
CRDLI_IGDLV,Hernando Pizarro,Inca,3
CRDLI_IGDLV,Huayna  Cápac,Huayna Cápac,3
CRDLI_IGDLV,Huayna  Cápac,Inca,3
CRDLI_IGDLV,Huayna Cápac,Inca  Huayna Cápac,3
CRDLI_IGDLV,Huáscar,Incas,3
CRDLI_IGDLV,Huáscar,Manco Inca,3
CRDLI_IGDLV,Huáscar Inca,Inca Manco Cápac,3
CRDLI_IGDLV,Huáscar Inca,Incas,3
CRDLI_IGDLV,Huáscar Inca,Rey Atahuallpa,3
CRDLI_IGDLV,Inca,Inca Mayta Cápac,3
CRDLI_IGDLV,Inca,Incas Reyes,3
CRDLI_IGDLV,Inca,Lloque Yupanqui,3
CRDLI_IGDLV,Inca,Mayta Cápac,3
CRDLI_IGDLV,Inca,Nuestro Padre el Sol,3
CRDLI_IGDLV,Inca,Palla,3
CRDLI_IGDLV,Inca,Rey  Inca Yupanqui,3
CRDLI_IGDLV,Inca,Sinchi Roca,3
CRDLI_IGDLV,Inca,Su Majestad,3
CRDLI_IGDLV,Inca  Viracocha,Reyes,3
CRDLI_IGDLV,Inca  Viracocha,Viracocha,3
CRDLI_IGDLV,Inca  Yupanqui,Inca Yupanqui,3
CRDLI_IGDLV,Inca Cápac Yupanqui,Rey,3
CRDLI_IGDLV,Inca Cápac Yupanqui,Reyes Incas,3
CRDLI_IGDLV,Inca Huayna Cápac,Príncipe,3
CRDLI_IGDLV,Inca Huayna Cápac,Rey,3
CRDLI_IGDLV,Inca Huayna Cápac,Túpac Inca Yupanqui,3
CRDLI_IGDLV,Inca Lloque Yupanqui,Príncipe,3
CRDLI_IGDLV,Inca Manco Cápac,Reyes Incas,3
CRDLI_IGDLV,Inca Manco Cápac,Sinchi Roca,3
CRDLI_IGDLV,Inca Pachacútec,Padre Blas Valera,3
CRDLI_IGDLV,Inca Pachacútec,Pedro de Cieza,3
CRDLI_IGDLV,Inca Roca,Padre Blas Valera,3
CRDLI_IGDLV,Inca Roca,Príncipe,3
CRDLI_IGDLV,Inca Roca,Reyes Incas,3
CRDLI_IGDLV,Inca Viracocha,Padre Blas Valera,3
CRDLI_IGDLV,Inca Viracocha,Reyes Incas,3
CRDLI_IGDLV,Inca Yupanqui,Príncipe,3
CRDLI_IGDLV,Inca Yáhuar Huácac,Viracocha,3
CRDLI_IGDLV,Incas,Manco Inca,3
CRDLI_IGDLV,Incas,Pedro de Cieza,3
CRDLI_IGDLV,Incas,Pedro de Cieza de León,3
CRDLI_IGDLV,Incas,Rey Inca Roca,3
CRDLI_IGDLV,Incas,Sinchi Roca,3
CRDLI_IGDLV,Incas,Viracocha Inca,3
CRDLI_IGDLV,Incas Reyes,Reyes,3
CRDLI_IGDLV,Lloque Yupanqui,Rey,3
CRDLI_IGDLV,Mama Ocllo,Reyes,3
CRDLI_IGDLV,Manco Cápac,Padre Blas Valera,3
CRDLI_IGDLV,Manco Cápac,Príncipe,3
CRDLI_IGDLV,Manco Cápac,Sinchi Roca,3
CRDLI_IGDLV,Mayta Cápac,Rey,3
CRDLI_IGDLV,Nuestro Padre el Sol,Reyes,3
CRDLI_IGDLV,Pachacútec,Padre Blas Valera,3
CRDLI_IGDLV,Padre Blas Valera,Rey Inca Roca,3
CRDLI_IGDLV,Padre Maestro Acosta,Rey,3
CRDLI_IGDLV,Padre Maestro Acosta,Reyes Incas,3
CRDLI_IGDLV,Palla,Rey,3
CRDLI_IGDLV,Pallas,Sol,3
CRDLI_IGDLV,Pedro de Cieza,Túpac Inca Yupanqui,3
CRDLI_IGDLV,Pedro de Cieza de León,Reyes Incas,3
CRDLI_IGDLV,Príncipe,Rey Inca Yupanqui,3
CRDLI_IGDLV,Príncipes,Rey,3
CRDLI_IGDLV,Príncipes,Reyes,3
CRDLI_IGDLV,Príncipes,Reyes Incas,3
CRDLI_IGDLV,Reina,Sol,3
CRDLI_IGDLV,Rey,Rey Atahuallpa,3
CRDLI_IGDLV,Rey,Su Majestad,3
CRDLI_IGDLV,Rey,Sumo  Sacerdote,3
CRDLI_IGDLV,Rey,Túpac Inca  Yupanqui,3
CRDLI_IGDLV,Rey  Inca Yupanqui,Reyes,3
CRDLI_IGDLV,Reyes,Sinchi Roca,3
CRDLI_IGDLV,Reyes,Su Paternidad,3
CRDLI_IGDLV,Reyes,Túpac Inca  Yupanqui,3
CRDLI_IGDLV,Reyes,Viracocha Inca,3
CRDLI_IGDLV,Reyes  Incas,Reyes Incas,3
CRDLI_IGDLV,Sol,Su Majestad,3
CRDLI_IGDLV,Sol,Viracocha,3
CRDLI_IGDLV,Agustín de Zárate,Francisco López de Gómara,2
CRDLI_IGDLV,Agustín de Zárate,Guainacaba,2
CRDLI_IGDLV,Agustín de Zárate,Incas,2
CRDLI_IGDLV,Agustín de Zárate,Marqués Don Francisco Pizarro,2
CRDLI_IGDLV,Agustín de Zárate,Rey Atahuallpa,2
CRDLI_IGDLV,Agustín de Zárate,Reyes Incas,2
CRDLI_IGDLV,Agustín de Zárate,Sol,2
CRDLI_IGDLV,Alonso de Mesa,Reyes,2
CRDLI_IGDLV,Alonso de Mesa,Reyes Incas,2
CRDLI_IGDLV,Antonio Altamirano,Rey,2
CRDLI_IGDLV,Apu Mayta,Inca,2
CRDLI_IGDLV,Apu Mayta,Inca Yáhuar Huácac,2
CRDLI_IGDLV,Apu Mayta,Incas,2
CRDLI_IGDLV,Atabáliba,Atahuallpa,2
CRDLI_IGDLV,Atabáliba,Inca,2
CRDLI_IGDLV,Atabáliba,Rey,2
CRDLI_IGDLV,Atabálipa,Guáscar Inga,2
CRDLI_IGDLV,Atabálipa,Rey,2
CRDLI_IGDLV,Atahuallpa,Challcuchima,2
CRDLI_IGDLV,Atahuallpa,Chancas,2
CRDLI_IGDLV,Atahuallpa,Dios,2
CRDLI_IGDLV,Atahuallpa,Don  Francisco,2
CRDLI_IGDLV,Atahuallpa,Don Francisco,2
CRDLI_IGDLV,Atahuallpa,Don Melchior Carlos Inca,2
CRDLI_IGDLV,Atahuallpa,Guáscar Inga,2
CRDLI_IGDLV,Atahuallpa,Hernando Pizarro,2
CRDLI_IGDLV,Atahuallpa,Hernando de Soto,2
CRDLI_IGDLV,Atahuallpa,Inca Atahuallpa,2
CRDLI_IGDLV,Atahuallpa,Inca Yupanqui,2
CRDLI_IGDLV,Atahuallpa,Manco Cápac,2
CRDLI_IGDLV,Atahuallpa,Manco Inca,2
CRDLI_IGDLV,Atahuallpa,Pachacútec Inca,2
CRDLI_IGDLV,Atahuallpa,Padre Joseph de Acosta,2
CRDLI_IGDLV,Atahuallpa,Padre Maestro Acosta,2
CRDLI_IGDLV,Atahuallpa,Paullu,2
CRDLI_IGDLV,Atahuallpa,Quízquiz,2
CRDLI_IGDLV,Atahuallpa,Rey Huáscar,2
CRDLI_IGDLV,Atahuallpa,Rey de Quitu,2
CRDLI_IGDLV,Atahuallpa,Sinchi Roca,2
CRDLI_IGDLV,Atahuallpa,Viracocha,2
CRDLI_IGDLV,Augustos,Guasca,2
CRDLI_IGDLV,Augustos,Inca,2
CRDLI_IGDLV,Augustos,Inga,2
CRDLI_IGDLV,Auqui,Rey,2
CRDLI_IGDLV,Auqui,Reyes,2
CRDLI_IGDLV,Bacab,Estruac,2
CRDLI_IGDLV,Caranques,Huayna Cápac,2
CRDLI_IGDLV,Caranques,Inca,2
CRDLI_IGDLV,Caranques,Inca Huayna Cápac,2
CRDLI_IGDLV,Caranques,Rey,2
CRDLI_IGDLV,Cari,Sol,2
CRDLI_IGDLV,Chachapuyas,Príncipe,2
CRDLI_IGDLV,Chancas,Hancohuallu,2
CRDLI_IGDLV,Chancas,Viracocha,2
CRDLI_IGDLV,Chancas,Viracocha Inca,2
CRDLI_IGDLV,Chimu,Pachacámac,2
CRDLI_IGDLV,Chincha,Inca,2
CRDLI_IGDLV,Chincha,Inca Pachacútec,2
CRDLI_IGDLV,Chincha,Inca Yupanqui,2
CRDLI_IGDLV,Chincha,Incas,2
CRDLI_IGDLV,Chipana,Sol,2
CRDLI_IGDLV,Chuquimancu,Cápac Yupanqui,2
CRDLI_IGDLV,Chuquimancu,Inca,2
CRDLI_IGDLV,Chuquimancu,Inca Yupanqui,2
CRDLI_IGDLV,Collas,Príncipe,2
CRDLI_IGDLV,Coya,Dios,2
CRDLI_IGDLV,Coya,Palla,2
CRDLI_IGDLV,Coya,Sol,2
CRDLI_IGDLV,Coya Mama Ocllo Huaco,Inca Manco Cápac,2
CRDLI_IGDLV,Coya Mama Ocllo Huaco,Manco Cápac,2
CRDLI_IGDLV,Coya Mama Ocllo Huaco,Rey,2
CRDLI_IGDLV,Coya Mama Ocllo Huaco,Reyes,2
CRDLI_IGDLV,Coya Mama Ocllo Huaco,Sol,2
CRDLI_IGDLV,Coyas,Inca,2
CRDLI_IGDLV,Coyas,Rey,2
CRDLI_IGDLV,Coyas,Sol,2
CRDLI_IGDLV,Cozco,Inca,2
CRDLI_IGDLV,Cristo Nuestro Señor,Pachacámac,2
CRDLI_IGDLV,Cuismancu,Inca Pachacútec,2
CRDLI_IGDLV,Cápac,Manco Cápac,2
CRDLI_IGDLV,Cápac,Rey,2
CRDLI_IGDLV,Cápac,Reyes  Incas,2
CRDLI_IGDLV,Cápac Yupanqui,Inca  Yupanqui,2
CRDLI_IGDLV,Cápac Yupanqui,Rey Cuismancu,2
CRDLI_IGDLV,Cápac Yupanqui,Rímac,2
CRDLI_IGDLV,Cápac Yupanqui,príncipe,2
CRDLI_IGDLV,Diego Maldonado,Inca Yupanqui,2
CRDLI_IGDLV,Diego Maldonado,Rey,2
CRDLI_IGDLV,Diego Ortiz de Guzmán,Inca,2
CRDLI_IGDLV,Diego Ortiz de Guzmán,Rey,2
CRDLI_IGDLV,Diego de Alcobaza,Inca,2
CRDLI_IGDLV,Dios,Huayna Cápac,2
CRDLI_IGDLV,Dios,Huáscar,2
CRDLI_IGDLV,Dios,Padre  Maestro Acosta,2
CRDLI_IGDLV,Dios,Padre Joseph de Acosta,2
CRDLI_IGDLV,Dios,Príncipe,2
CRDLI_IGDLV,Dios,Reina,2
CRDLI_IGDLV,Dios Nuestro Señor,Huayna Cápac,2
CRDLI_IGDLV,Dios Nuestro Señor,Inca,2
CRDLI_IGDLV,Dios el Sol,Sol,2
CRDLI_IGDLV,Don  Francisco,Rey,2
CRDLI_IGDLV,Don  Francisco,Reyes,2
CRDLI_IGDLV,Don Diego de Almagro,Don Francisco Pizarro,2
CRDLI_IGDLV,Don Diego de Almagro,Huayna Cápac,2
CRDLI_IGDLV,Don Diego de Almagro,Rey,2
CRDLI_IGDLV,Don Diego de Almagro,Rey Túpac Inca Yupanqui,2
CRDLI_IGDLV,Don Francisco,Inca,2
CRDLI_IGDLV,Don Francisco Pizarro,Huayna Cápac,2
CRDLI_IGDLV,Don Francisco de Toledo,Incas,2
CRDLI_IGDLV,Don Francisco de Toledo,Reyes,2
CRDLI_IGDLV,Don Melchior Carlos Inca,Huayna Cápac,2
CRDLI_IGDLV,Don Melchior Carlos Inca,Incas,2
CRDLI_IGDLV,Emperador,Inca,2
CRDLI_IGDLV,Emperadores,Incas,2
CRDLI_IGDLV,Emperadores,Padre Blas Valera,2
CRDLI_IGDLV,Francisco  Hernández Girón,Rey,2
CRDLI_IGDLV,Francisco Hernández Girón,Garcilaso de la Vega,2
CRDLI_IGDLV,Francisco Hernández Girón,Gonzalo Pizarro,2
CRDLI_IGDLV,Francisco López de Gómara,Incas,2
CRDLI_IGDLV,Francisco López de Gómara,Padre Joseph de Acosta,2
CRDLI_IGDLV,Francisco López de Gómara,Paullu,2
CRDLI_IGDLV,Francisco López de Gómara,Reyes Incas,2
CRDLI_IGDLV,Gonzalo Pizarro,Hernando Pizarro,2
CRDLI_IGDLV,Gonzalo Pizarro,Huayna Cápac,2
CRDLI_IGDLV,Gonzalo Pizarro,Huáscar,2
CRDLI_IGDLV,Gonzalo Pizarro,Padre Acosta,2
CRDLI_IGDLV,Gonzalo Pizarro,Rey,2
CRDLI_IGDLV,Gonzalo Pizarro,Reyes,2
CRDLI_IGDLV,Guainacaba,Pedro de Cieza de León,2
CRDLI_IGDLV,Guainacaba,Rey,2
CRDLI_IGDLV,Guasca,Inga,2
CRDLI_IGDLV,Guasca,Rey,2
CRDLI_IGDLV,Guasca,Reyes,2
CRDLI_IGDLV,Guayna Cápac,Huayna Cápac,2
CRDLI_IGDLV,Guayna Cápac,Inca,2
CRDLI_IGDLV,Guayna Cápac,Reyes,2
CRDLI_IGDLV,Gómez de Tordoya,Inca,2
CRDLI_IGDLV,Gómez de Tordoya,Inca Túpac  Amaru,2
CRDLI_IGDLV,Gómez de Tordoya,Juan Álvarez Maldonado,2
CRDLI_IGDLV,Gómez de Tordoya,maestro Simón,2
CRDLI_IGDLV,Hancohuallu,Inca Yáhuar Huácac,2
CRDLI_IGDLV,Hancohuallu,Incas,2
CRDLI_IGDLV,Hancohuallu,Príncipe,2
CRDLI_IGDLV,Hancohuallu,Viracocha,2
CRDLI_IGDLV,Hancohuallu,Viracocha Inca,2
CRDLI_IGDLV,Hernando Pizarro,Inca Manco Cápac,2
CRDLI_IGDLV,Hernando de Soto,Huáscar Inca,2
CRDLI_IGDLV,Hernando de Soto,Inca,2
CRDLI_IGDLV,Hernando de Soto,Reyes,2
CRDLI_IGDLV,Huamachucu,Inca,2
CRDLI_IGDLV,Huayna Cápac,Inca Roca,2
CRDLI_IGDLV,Huayna Cápac,Inca Viracocha,2
CRDLI_IGDLV,Huayna Cápac,Inca Yupanqui,2
CRDLI_IGDLV,Huayna Cápac,Mama  Ocllo,2
CRDLI_IGDLV,Huayna Cápac,Pachacámac,2
CRDLI_IGDLV,Huayna Cápac,Pachacútec Inca,2
CRDLI_IGDLV,Huayna Cápac,Padre Blas Valera,2
CRDLI_IGDLV,Huayna Cápac,Padre Joseph de Acosta,2
CRDLI_IGDLV,Huayna Cápac,Rey Atahuallpa,2
CRDLI_IGDLV,Huayna Cápac,Rey Huayna Cápac,2
CRDLI_IGDLV,Huayna Cápac,Rey Huáscar,2
CRDLI_IGDLV,Huayna Cápac,Rey Inca Yupanqui,2
CRDLI_IGDLV,Huayna Cápac,Rey de Quitu,2
CRDLI_IGDLV,Huayna Cápac,Tumpalla,2
CRDLI_IGDLV,Huayna Cápac,Túpac  Inca Yupanqui,2
CRDLI_IGDLV,Huayna Cápac,Túpac Inca  Yupanqui,2
CRDLI_IGDLV,Huayna Cápac,Túpac Yupanqui,2
CRDLI_IGDLV,Huáscar,Padre Maestro Acosta,2
CRDLI_IGDLV,Huáscar,Príncipe,2
CRDLI_IGDLV,Huáscar,Sol,2
CRDLI_IGDLV,Huáscar,Túpac Inca Yupanqui,2
CRDLI_IGDLV,Huáscar Inca,Inca Atahuallpa,2
CRDLI_IGDLV,Huáscar Inca,Inca Huayna Cápac,2
CRDLI_IGDLV,Huáscar Inca,Quízquiz,2
CRDLI_IGDLV,Huáscar Inca,Rey Huáscar,2
CRDLI_IGDLV,Huáscar Inca,Rey de Quitu,2
CRDLI_IGDLV,Hércules,Inca,2
CRDLI_IGDLV,Hércules,Rey,2
CRDLI_IGDLV,Hércules,Sol,2
CRDLI_IGDLV,Inca,Inca  Huayna Cápac,2
CRDLI_IGDLV,Inca,Inca  Manco Cápac,2
CRDLI_IGDLV,Inca,Inca Huayna  Cápac,2
CRDLI_IGDLV,Inca,Inca Manco  Cápac,2
CRDLI_IGDLV,Inca,Inca Sinchi Roca,2
CRDLI_IGDLV,Inca,Inca Túpac  Amaru,2
CRDLI_IGDLV,Inca,Juan Álvarez Maldonado,2
CRDLI_IGDLV,Inca,Mama  Ocllo,2
CRDLI_IGDLV,Inca,Mama Cora,2
CRDLI_IGDLV,Inca,Mamacuna,2
CRDLI_IGDLV,Inca,Manco Cápac Inca,2
CRDLI_IGDLV,Inca,Manco Inca,2
CRDLI_IGDLV,Inca,Musus,2
CRDLI_IGDLV,Inca,Pachacuti Inga Yupanqui,2
CRDLI_IGDLV,Inca,Padre  Blas Valera,2
CRDLI_IGDLV,Inca,Padre Blas  Valera,2
CRDLI_IGDLV,Inca,Padre Joseph de Acosta,2
CRDLI_IGDLV,Inca,Padre el Sol,2
CRDLI_IGDLV,Inca,Pedro del Barco,2
CRDLI_IGDLV,Inca,Pincu,2
CRDLI_IGDLV,Inca,Reina Mama Ocllo Huaco,2
CRDLI_IGDLV,Inca,Rey Chimu,2
CRDLI_IGDLV,Inca,Rey Cuismancu,2
CRDLI_IGDLV,Inca,Rey Huayna Cápac,2
CRDLI_IGDLV,Inca,Rey de Quitu,2
CRDLI_IGDLV,Inca,Reyes  Incas,2
CRDLI_IGDLV,Inca,Su  Majestad,2
CRDLI_IGDLV,Inca,Sumo  Sacerdote,2
CRDLI_IGDLV,Inca,Topa Inga Yupangue,2
CRDLI_IGDLV,Inca,Tumpalla,2
CRDLI_IGDLV,Inca,Túpac Inca  Yupanqui,2
CRDLI_IGDLV,Inca,Túpac Yupanqui,2
CRDLI_IGDLV,Inca,Visorrey,2
CRDLI_IGDLV,Inca,Yupanqui,2
CRDLI_IGDLV,Inca,Zapa Inca,2
CRDLI_IGDLV,Inca,maestro Simón,2
CRDLI_IGDLV,Inca,príncipe,2
CRDLI_IGDLV,Inca  Cápac Yupanqui,Inca Cápac Yupanqui,2
CRDLI_IGDLV,Inca  Cápac Yupanqui,Incas,2
CRDLI_IGDLV,Inca  Viracocha,Incas,2
CRDLI_IGDLV,Inca  Yupanqui,Inca Pachacútec,2
CRDLI_IGDLV,Inca  Yupanqui,Incas,2
CRDLI_IGDLV,Inca  Yupanqui,Reyes,2
CRDLI_IGDLV,Inca  Yupanqui,Reyes Incas,2
CRDLI_IGDLV,Inca  Yupanqui,príncipe,2
CRDLI_IGDLV,Inca Cápac Yupanqui,Inca Manco Cápac,2
CRDLI_IGDLV,Inca Cápac Yupanqui,Inca Pachacútec,2
CRDLI_IGDLV,Inca Cápac Yupanqui,Inca Roca,2
CRDLI_IGDLV,Inca Cápac Yupanqui,Sol,2
CRDLI_IGDLV,Inca General,Incas,2
CRDLI_IGDLV,Inca Huayna  Cápac,Rey,2
CRDLI_IGDLV,Inca Huayna Cápac,Inca Viracocha,2
CRDLI_IGDLV,Inca Huayna Cápac,Padre Maestro Acosta,2
CRDLI_IGDLV,Inca Huayna Cápac,Pedro de Cieza,2
CRDLI_IGDLV,Inca Huayna Cápac,Reyes Incas,2
CRDLI_IGDLV,Inca Lloque Yupanqui,Mayta Cápac,2
CRDLI_IGDLV,Inca Lloque Yupanqui,Sol,2
CRDLI_IGDLV,Inca Manco  Cápac,Rey,2
CRDLI_IGDLV,Inca Manco Cápac,Inca Roca,2
CRDLI_IGDLV,Inca Manco Cápac,Manco Inca,2
CRDLI_IGDLV,Inca Manco Cápac,Pallas,2
CRDLI_IGDLV,Inca Manco Cápac,Paullu,2
CRDLI_IGDLV,Inca Manco Cápac,Príncipe,2
CRDLI_IGDLV,Inca Manco Cápac,Reina Mama Ocllo Huaco,2
CRDLI_IGDLV,Inca Manco Cápac,Rey Atahuallpa,2
CRDLI_IGDLV,Inca Mayta Cápac,Príncipe,2
CRDLI_IGDLV,Inca Pachacútec,Inca Viracocha,2
CRDLI_IGDLV,Inca Pachacútec,Pachacámac,2
CRDLI_IGDLV,Inca Pachacútec,Pachacútec,2
CRDLI_IGDLV,Inca Pachacútec,Rey Chimu,2
CRDLI_IGDLV,Inca Pachacútec,Reyes Incas,2
CRDLI_IGDLV,Inca Pachacútec,Sol,2
CRDLI_IGDLV,Inca Roca,Rey Inca Roca,2
CRDLI_IGDLV,Inca Sinchi Roca,Mama Cora,2
CRDLI_IGDLV,Inca Sinchi Roca,Mama Ocllo,2
CRDLI_IGDLV,Inca Sinchi Roca,Rey,2
CRDLI_IGDLV,Inca Sinchi Roca,Sol,2
CRDLI_IGDLV,Inca Túpac  Amaru,Juan Álvarez Maldonado,2
CRDLI_IGDLV,Inca Túpac  Amaru,maestro Simón,2
CRDLI_IGDLV,Inca Viracocha,Pachacútec Inca,2
CRDLI_IGDLV,Inca Viracocha,Pedro de Cieza,2
CRDLI_IGDLV,Inca Viracocha,Príncipe,2
CRDLI_IGDLV,Inca Yupanqui,Juan Álvarez Maldonado,2
CRDLI_IGDLV,Inca Yupanqui,Pachacútec,2
CRDLI_IGDLV,Inca Yupanqui,Padre Blas Valera,2
CRDLI_IGDLV,Inca Yupanqui,Reyes Incas,2
CRDLI_IGDLV,Inca Yupanqui,príncipe,2
CRDLI_IGDLV,Inca Yáhuar Huácac,Príncipe,2
CRDLI_IGDLV,Inca Yáhuar Huácac,Rey Inca Roca,2
CRDLI_IGDLV,Inca Yáhuar Huácac,Sol,2
CRDLI_IGDLV,Incas,Mamacuna,2
CRDLI_IGDLV,Incas,Pachacámac,2
CRDLI_IGDLV,Incas,Pachacútec,2
CRDLI_IGDLV,Incas,Padre  Blas Valera,2
CRDLI_IGDLV,Incas,Padre Joseph de Acosta,2
CRDLI_IGDLV,Incas,Paullu,2
CRDLI_IGDLV,Incas,Rey  Inca Yupanqui,2
CRDLI_IGDLV,Incas,Rey Atahuallpa,2
CRDLI_IGDLV,Incas,Su Majestad,2
CRDLI_IGDLV,Incas Reyes,Rey,2
CRDLI_IGDLV,Incas Reyes,Reyes Incas,2
CRDLI_IGDLV,Inga,Rey,2
CRDLI_IGDLV,Inga,Reyes,2
CRDLI_IGDLV,Juan de Pancorvo,Reyes,2
CRDLI_IGDLV,Juan Álvarez Maldonado,maestro Simón,2
CRDLI_IGDLV,Lautaru,Pedro de Valdivia,2
CRDLI_IGDLV,Lautaru,Valdivia,2
CRDLI_IGDLV,Licurgo,Reyes,2
CRDLI_IGDLV,Lloque Yupanqui,Manco Cápac,2
CRDLI_IGDLV,Lloque Yupanqui,Padre Blas Valera,2
CRDLI_IGDLV,Lloque Yupanqui,Reyes,2
CRDLI_IGDLV,Lloque Yupanqui,Reyes Incas,2
CRDLI_IGDLV,Mama  Ocllo,Reyes,2
CRDLI_IGDLV,Mama  Ocllo,Túpac Inca Yupanqui,2
CRDLI_IGDLV,Mama  Ocllo,Túpac Yupanqui,2
CRDLI_IGDLV,Mama Cora,Mama Ocllo,2
CRDLI_IGDLV,Mama Cora,Rey,2
CRDLI_IGDLV,Mama Cora,Sol,2
CRDLI_IGDLV,Mama Ocllo,Manco Cápac,2
CRDLI_IGDLV,Mama Ocllo,Sol,2
CRDLI_IGDLV,Manco Cápac,Manco Inca,2
CRDLI_IGDLV,Manco Cápac,Pachacútec,2
CRDLI_IGDLV,Manco Cápac,Reina Mama Ocllo Huaco,2
CRDLI_IGDLV,Manco Cápac,Sol,2
CRDLI_IGDLV,Manco Cápac Inca,Padre Blas Valera,2
CRDLI_IGDLV,Manco Cápac Inca,Rey,2
CRDLI_IGDLV,Manco Cápac Inca,Sinchi Roca,2
CRDLI_IGDLV,Manco Inca,Sol,2
CRDLI_IGDLV,Mayta Cápac,Príncipe,2
CRDLI_IGDLV,Mayta Cápac,Reyes Incas,2
CRDLI_IGDLV,Nuestro Padre el Sol,Padre el Sol,2
CRDLI_IGDLV,Nuestro Padre el Sol,Rey,2
CRDLI_IGDLV,Nuestro Padre el Sol,Sol,2
CRDLI_IGDLV,Ocllo,Rey,2
CRDLI_IGDLV,P. Acosta,Padre Maestro Acosta,2
CRDLI_IGDLV,Pachacuti Inga Yupanqui,Reyes,2
CRDLI_IGDLV,Pachacuti Inga Yupanqui,Viracocha,2
CRDLI_IGDLV,Pachacámac,Príncipe,2
CRDLI_IGDLV,Pachacámac,Rey Cuismancu,2
CRDLI_IGDLV,Pachacútec Inca,Rey,2
CRDLI_IGDLV,Pachacútec Inca,Reyes,2
CRDLI_IGDLV,Pachacútec Inca,Túpac Inca Yupanqui,2
CRDLI_IGDLV,Padre  Blas Valera,Padre Blas Valera,2
CRDLI_IGDLV,Padre  Blas Valera,Reyes,2
CRDLI_IGDLV,Padre  Maestro Acosta,Padre Joseph de Acosta,2
CRDLI_IGDLV,Padre  Maestro Acosta,Reyes,2
CRDLI_IGDLV,Padre  Maestro Blas Valera,Rey,2
CRDLI_IGDLV,Padre Acosta,Padre Blas Valera,2
CRDLI_IGDLV,Padre Acosta,Padre Maestro Acosta,2
CRDLI_IGDLV,Padre Acosta,Rey,2
CRDLI_IGDLV,Padre Acosta,Reyes Incas,2
CRDLI_IGDLV,Padre Acosta,Su Majestad,2
CRDLI_IGDLV,Padre Blas  Valera,Rey,2
CRDLI_IGDLV,Padre Blas Valera,Pedro de Cieza,2
CRDLI_IGDLV,Padre Blas Valera,Sinchi Roca,2
CRDLI_IGDLV,Padre Blas Valera,Su Paternidad,2
CRDLI_IGDLV,Padre Blas Valera,Yáhuar Huácac,2
CRDLI_IGDLV,Padre Joseph de Acosta,Reyes,2
CRDLI_IGDLV,Padre Maestro Acosta,Viracocha,2
CRDLI_IGDLV,Padre Maestro Acosta,Visorrey,2
CRDLI_IGDLV,Padre el Sol,Reyes,2
CRDLI_IGDLV,Palla,Reyes,2
CRDLI_IGDLV,Paullu,Pedro de Cieza,2
CRDLI_IGDLV,Paullu,Rey,2
CRDLI_IGDLV,Paullu,Reyes,2
CRDLI_IGDLV,Pedro  Serrano,Pedro Serrano,2
CRDLI_IGDLV,Pedro de Cieza,Rey Huayna Cápac,2
CRDLI_IGDLV,Pedro de Cieza de León,Sol,2
CRDLI_IGDLV,Pedro del Barco,Rey,2
CRDLI_IGDLV,Pedro del Barco,Reyes,2
CRDLI_IGDLV,Presidente Gasca,Reyes,2
CRDLI_IGDLV,Príncipe,Túpac Inca  Yupanqui,2
CRDLI_IGDLV,Príncipe,Túpac Inca Yupanqui,2
CRDLI_IGDLV,Príncipe,Viracocha Inca,2
CRDLI_IGDLV,Rey,Rey Túpac Inca Yupanqui,2
CRDLI_IGDLV,Rey,Rímac,2
CRDLI_IGDLV,Rey,Túpac,2
CRDLI_IGDLV,Rey,príncipe,2
CRDLI_IGDLV,Rey Huayna Cápac,Reyes,2
CRDLI_IGDLV,Rey Túpac Inca Yupanqui,Reyes,2
CRDLI_IGDLV,Rey Túpac Inca Yupanqui,Sol,2
CRDLI_IGDLV,Reyes,Topa Inga Yupangue,2
CRDLI_IGDLV,Reyes,Túpac,2
CRDLI_IGDLV,Reyes,Túpac Yupanqui,2
CRDLI_IGDLV,Reyes,Yáhuar Huácac,2
CRDLI_IGDLV,Rímac,Sol,2
CRDLI_IGDLV,Sol,Sumo  Sacerdote,2
CRDLI_IGDLV,Sol,Túpac Inca  Yupanqui,2
CRDLI_IGDLV,Túpac  Inca Yupanqui,Túpac Inca Yupanqui,2
CRDLI_IGDLV,Túpac Inca Yupanqui,Túpac Yupanqui,2
